1,ACEITE DE INMERSION,MILILITRO,REACTIVOS QUIMICOS,1,50,1,SI,351000023577,UNIDAD,ACEITE DE INMERSION PARA MICROSCOPIA X 1 L,SI
2,ACETAMIDA (ETANAMIDA; METANO-CARBOXAMIDA; AMIDA DEL ACIDO ACETICO) ≥99.0% ,GRAMO,REACTIVOS QUIMICOS,1,50,1,SI,351000026015,UNIDAD,ACETAMIDA X 100 G,SI
3,ACETATO DE ETILO 99.8% - BF.SUNAT,MILILITRO,REACTIVOS QUIMICOS,1,500,1,SI,351000023568,UNIDAD,ACETATO DE ETILO P.A. X 2.5 L,SI
4,ACETATO DE PLOMO BASICO (TRIHIDRATADO DE ACETATO DE PLOMO II),GRAMO,REACTIVOS QUIMICOS,1,100,1,SI,,,,NO
5,ACETATO DE ROSANILINA (ROJO DE ANILINA) ,GRAMO,REACTIVOS QUIMICOS,1,25,1,SI,,,,NO
6,ACETATO DE SODIO (ETANOATO DE SODIO) ≥99%,GRAMO,REACTIVOS QUIMICOS,1,100,1,SI,351000023670,UNIDAD,ACETATO DE SODIO P.A X 50 G,SI
7,CLORURO DE ACETILCOLINA,GRAMO,REACTIVOS QUIMICOS,1,10,1,SI,584400130002,UNIDAD,CLORURO DE ACETILCOLINA 10 G,SI
8,ACETONA PA- BF.SUNAT,MILILITRO,REACTIVOS QUIMICOS,1,500,1,SI,351000023270,UNIDAD,ACETONA P.A. X 2.5 L,SI
9,ACETONA ACS- BF.SUNAT,MILILITRO,REACTIVOS QUIMICOS,1,500,1,SI,,,,NO
10,ACETONA HPLC- BF.SUNAT,MILILITRO,REACTIVOS QUIMICOS,1,500,1,SI,,,,NO
11,ACIDO  3 INDOL ACETICO (AIA) P.A,GRAMO,REACTIVOS QUIMICOS,1,10,1,SI,351000025938,UNIDAD,ACIDO INDOL 3-ACETICO P.A. X 10 G,SI
12,SALES DE SODIO DE ACIDO 3 INDOLACETICO PARA CULTIVO CELULAR DE PLANTAS,GRAMO,REACTIVOS QUIMICOS,1,100,1,SI,,,,NO
13,ACIDO  BORICO PARA BIOLOGIA MOLECULAR ≥99.5%,GRAMO,REACTIVOS QUIMICOS,1,100,1,SI,,,,NO
14,ACIDO BORICO Q.P,GRAMO,REACTIVOS QUIMICOS,1,100,1,SI,357600020755,UNIDAD,ACIDO BÓRICO Q.P. ,SI
15,ACIDO BORICO P.A,GRAMO,REACTIVOS QUIMICOS,1,100,1,SI,,,,NO
16,ACIDO BORICO ACS,GRAMO,REACTIVOS QUIMICOS,1,100,1,SI,,,,NO
17,ACIDO  LACTICO 85%,GRAMO,REACTIVOS QUIMICOS,1,100,1,SI,351000025522,FRASCO,ACIDO LÁCTICO,SI
18,SOLUCION DE ACIDO LACTICO  ≥85%,GRAMO,REACTIVOS QUIMICOS,1,100,1,SI,,,,NO
19,ACIDO LACTICO,MILILITRO,REACTIVOS QUIMICOS,1,500,1,SI,,,,NO
20,ACIDO  NALIDIXIDICO ≥98%,MILIGRAMO,REACTIVOS QUIMICOS,1,20,1,SI,,,,NO
21,SALES DE SODIO DE ACIDO NALIDIXICO,GRAMO,REACTIVOS QUIMICOS,1,100,1,SI,,,,NO
22,ACIDO  OXALICO P.A,GRAMO,REACTIVOS QUIMICOS,1,100,1,SI,351000023750,UNIDAD,ACIDO OXALICO P.A. X 100 G,SI
23,ACIDO  PERIODICO PARA ELECTROFORESIS,GRAMO,REACTIVOS QUIMICOS,1,100,1,SI,,,,NO
24,ACIDO  PICRICO P.A,GRAMO,REACTIVOS QUIMICOS,1,100,1,SI,351000023257,UNIDAD,ACIDO PICRICO P.A. X 500 G,SI
25,ACIDO  PROPIONICO P.A,MILILITRO,REACTIVOS QUIMICOS,1,100,1,SI,351000026026,UNIDAD,ACIDO PROPIONICO X 500 ML,SI
26,ACIDO  PROPIONICO ACS,MILILITRO,REACTIVOS QUIMICOS,1,100,1,SI,,,,NO
27,ACIDO ABSCISICO CULTIVO DE CELULAS VEGETALES,MILIGRAMO,REACTIVOS QUIMICOS,1,20,1,SI,,,,NO
28,ACIDO ACETICO GLACIAL P.A,MILILITRO,REACTIVOS QUIMICOS,1,100,1,SI,351000023557,UNIDAD,ACIDO ACETICO GLACIAL P.A. X 2.5 L,SI
29,ACIDO ACETICO GLACIAL ACS,MILILITRO,REACTIVOS QUIMICOS,1,100,1,SI,,,,NO
30,ACIDO Α-CETOGLUTARICO,GRAMO,REACTIVOS QUIMICOS,1,25,1,SI,351000025958,UNIDAD,ALFA CETOGLUTARATO,SI
31,ACIDO CLORHIDRICO P.A- BF.SUNAT,MILILITRO,REACTIVOS QUIMICOS,1,500,1,SI,351000025984,UNIDAD,ACIDO CLORHIDRICO ,SI
32,ACIDO CLORHIDRICO ACS- BF.SUNAT,MILILITRO,REACTIVOS QUIMICOS,1,500,1,SI,,,,NO
33,ACIDO FORMICO P.A,MILILITRO,REACTIVOS QUIMICOS,1,1000,1,SI,357600020699,MILILITRO,ACIDO FORMICO,SI
34,ACIDO FORMICO ACS,MILILITRO,REACTIVOS QUIMICOS,1,200,1,SI,,,,NO
35,L-ACIDO GLUTAMICO,GRAMO,REACTIVOS QUIMICOS,1,50,1,SI,351000023571,UNIDAD,ACIDO GLUTAMICO P.A.,SI
36,ACIDO NITRICO P.A - BF.SUNAT,MILILITRO,REACTIVOS QUIMICOS,1,500,1,SI,351000023387,UNIDAD,ACIDO NITRICO P.A. 65% X 1 L,SI
37,ACIDO NITRICO ACS - BF.SUNAT,MILILITRO,REACTIVOS QUIMICOS,1,500,1,SI,,,,NO
38,ACIDO PIROGALICO ,GRAMO,REACTIVOS QUIMICOS,1,100,1,SI,351000025150,UNIDAD,ACIDO PIROGÁLICO P.A. X 50 G,SI
39,ACIDO SULFURICO P.A - BF.SUNAT,MILILITRO,REACTIVOS QUIMICOS,1,500,1,SI,351000025986,UNIDAD,ACIDO SULFURICO,SI
40,ACIDO SULFURICO ACS - BF.SUNAT,MILILITRO,REACTIVOS QUIMICOS,1,500,1,SI,,,,NO
41,ACIDO TANICO ACS,GRAMO,REACTIVOS QUIMICOS,1,100,1,SI,351000025329,GRAMO,ACIDO TANICO,SI
42,ADENINA ,GRAMO,REACTIVOS QUIMICOS,1,100,1,SI,,,,NO
43,AGAR AGAR GRANULADO,GRAMO,REACTIVOS QUIMICOS,1,500,1,SI,358600101355,UNIDAD,AGAR AGAR X 350 G,SI
44,AGAR ANAEROBICO SEGUN BREWER O AGAR PARA ANAEROBIOS,GRAMO,REACTIVOS QUIMICOS,1,500,1,SI,358600101258,GRAMO,AGAR ANAEROBICO,SI
45,AGAR BASE BAIRD PARKER,GRAMO,REACTIVOS QUIMICOS,1,500,1,SI,358600101234,UNIDAD,AGAR BAIRD PARKER,SI
46,AGAR BASE PARA SANGRE ,GRAMO,REACTIVOS QUIMICOS,1,500,1,SI,358600100620,UNIDAD,AGAR BASE SANGRE,SI
47,AGAR BASE UREA ,GRAMO,REACTIVOS QUIMICOS,1,500,1,SI,358600100819,UNIDAD,AGAR BASE UREA X 500 G,SI
48,AGAR INFUSION CEREBRO CORAZON (BHI),GRAMO,REACTIVOS QUIMICOS,1,500,1,SI,358600100588,UNIDAD,AGAR INFUSION CEREBRO CORAZON (BHI) X 500 G,SI
49,AGAR BILIS ESCULINA ,GRAMO,REACTIVOS QUIMICOS,1,500,1,SI,,,,NO
50,AGAR CETRIMIDE ,GRAMO,REACTIVOS QUIMICOS,1,500,1,SI,357600020736,UNIDAD,AGAR CETRIMIDE X 500 GR,SI
51,AGAR CITRATO DE SIMMONS ,GRAMO,REACTIVOS QUIMICOS,1,500,1,SI,358600100660,UNIDAD,AGAR CITRATO SIMMONS,SI
52,AGAR CZAPEK (CZA) O AGAR CZAPEK DOX,GRAMO,REACTIVOS QUIMICOS,1,500,1,SI,358600100031,UNIDAD,AGAR CZAPEK-DOX X 500 G,SI
53,AGAR DNA O AGAR DNASA,GRAMO,REACTIVOS QUIMICOS,1,500,1,SI,,,,NO
54,AGAR EOSINA AZUL DE METILENO (EMB) ,GRAMO,REACTIVOS QUIMICOS,1,500,1,SI,357600020738,UNIDAD,AGAR EMB / AGAR EOSINA AZUL DE METILENO,SI
55,AGAR LISINA HIERRO (LIA),GRAMO,REACTIVOS QUIMICOS,1,500,1,SI,358600100667,UNIDAD,AGAR LIA (LISINA HIERRO AGAR),SI
56,AGAR MAC CONKEY ,GRAMO,REACTIVOS QUIMICOS,1,500,1,SI,358600100057,UNIDAD,AGAR MAC CONKEY II CON SORBITOL X 500 G,SI
57,AGAR MANITOL SALADO (MSA),GRAMO,REACTIVOS QUIMICOS,1,500,1,SI,358600100381,UNIDAD,AGAR MANITOL SALADO X 500 G,SI
58,AGAR MANN ROGOSA SHARPE ,GRAMO,REACTIVOS QUIMICOS,1,500,1,SI,358600101239,GRAMO,AGAR DE MAN; ROGOSA Y SHARPE,SI
59,AGAR MULLER HINTON ,GRAMO,REACTIVOS QUIMICOS,1,500,1,SI,358600100634,GRAMO,AGAR MULLER HINTON,SI
60,AGAR NOBLE ,GRAMO,REACTIVOS QUIMICOS,1,500,1,SI,,,,NO
61,AGAR NUTRITIVO ,GRAMO,REACTIVOS QUIMICOS,1,500,1,SI,358600101244,GRAMO,AGAR NUTRITIVO,SI
62,AGAR PAPA DEXTROSA ,GRAMO,REACTIVOS QUIMICOS,1,500,1,SI,358600101246,GRAMO,AGAR PAPA DEXTROSA,SI
63,AGAR PLATE COUNT ,GRAMO,REACTIVOS QUIMICOS,1,500,1,SI,358600101256,GRAMO,AGAR PLATE COUNT,SI
64,AGAR SABOURAUD GLUCOSADO (SDA),GRAMO,REACTIVOS QUIMICOS,1,500,1,SI,358600100477,UNIDAD,AGAR SABOURAUD GLUCOSA X 500 G,SI
65,AGAR SELECTIVO PARA BACILLUS CEREUS ,GRAMO,REACTIVOS QUIMICOS,1,500,1,SI,358600100099,UNIDAD,AGAR SELECTIVO BACILLUS CEREUS X 500 G,SI
66,AGAR MOTILIDAD-INDOL-SULFURO DE HIDROGENO (SIM),GRAMO,REACTIVOS QUIMICOS,1,500,1,SI,358600101249,GRAMO,AGAR SIM,SI
67,AGAR SULFITO-POLIMIXINA-SULFADIAZINA (SPS) ,GRAMO,REACTIVOS QUIMICOS,1,500,1,SI,,,,NO
68,AGAR SALMONELLA SHIGELLA (ASS)  ,GRAMO,REACTIVOS QUIMICOS,1,500,1,SI,,,,NO
69,AGAR SULFITO DE BISMUTO (ASB),GRAMO,REACTIVOS QUIMICOS,1,500,1,SI,358600101251,GRAMO,AGAR SULFITO DE BISMUTO,SI
70,AGAR TIOSULFATO-CITRATO-BILIS-SACAROSA (TCBS) ,GRAMO,REACTIVOS QUIMICOS,1,500,1,SI,358600100616,UNIDAD,AGAR TIOSULFATO CITRATO BILIS SACAROSA (TCBS) X 500 G,SI
71,AGAR TRIBUTIRINA ,GRAMO,REACTIVOS QUIMICOS,1,500,1,SI,,,,NO
72,AGAR TRIPTICASA SOYA (TSA),GRAMO,REACTIVOS QUIMICOS,1,500,1,SI,358600100662,GRAMO,AGAR TRIPTICASA SOYA (TSA),SI
73,AGAR TRES AZUCARES HIERRO O TRIPLESUGAR IRON (TSI),GRAMO,REACTIVOS QUIMICOS,1,500,1,SI,351000025606,UNIDAD,TSI AGAR,SI
74,AGAR BILIS VERDE BRILLANTE,GRAMO,REACTIVOS QUIMICOS,1,500,1,SI,358600101257,GRAMO,AGAR VRB,SI
75,AGAR XILOSA-LISINA-DESOXICOLATO (XLD),GRAMO,REACTIVOS QUIMICOS,1,500,1,SI,358600100829,UNIDAD,AGAR XLD (XILOSA LISINA DESOXICOLATO) X 500 G,SI
76,AGAROSA TIPO I; BAJA ELECTROENDOSMOSIS,GRAMO,REACTIVOS QUIMICOS,1,500,1,SI,358600093118,UNIDAD,AGAROSA  X 150 G,SI
77,AGAROSA TIPO III; ALTA ELECTROENDOSMOSIS,GRAMO,REACTIVOS QUIMICOS,1,50,1,SI,358600093119,UNIDAD,AGAROSA TIPO III X 150 G,SI
78,AGUA DESTILADA ,LITRO,REACTIVOS QUIMICOS,1,10,1,SI,350500030012,UNIDAD,AGUA DESTILADA X 1 L,SI
79,AGUA ULTRAPURA  O GRADO BIOLOGIA MOLECULAR,LITRO,REACTIVOS QUIMICOS,1,2,1,SI,350500030052,UNIDAD,AGUA ULTRAPURA DE X 1 L,SI
80,ALCOHOL ACETONA,MILILITRO,REACTIVOS QUIMICOS,1,2000,1,SI,351000040238,UNIDAD,ALCOHOL ACETONA X 1 L,SI
81,ALCOHOL AMILICO 1-PENTANOL,MILILITRO,REACTIVOS QUIMICOS,1,10,1,SI,353800090005,UNIDAD,ALCOHOL AMILICO P.A. X 10 ML,SI
82,ALCOHOL CORRIENTE O ETANOL DE 96°,LITRO,REACTIVOS QUIMICOS,1,30,1,SI,353800010007,UNIDAD,ALCOHOL ETILICO (ETANOL) 96º X 1 L,SI
83,ALCOHOL CORRIENTE O ETANOL 70°,LITRO,REACTIVOS QUIMICOS,1,30,1,SI,353800010019,UNIDAD,ALCOHOL ETILICO (ETANOL) 70º X 1 L,SI
84,ALCOHOL ETILICO ABSOLUTO O ETANOL  ABSOLUTO,LITRO,REACTIVOS QUIMICOS,1,10,1,SI,353800010071,UNIDAD,ALCOHOL ETILICO (ETANOL) ABSOLUTO 99.8% P.A. X 1 L,SI
85,ALCOHOL ISOAMILICO P.A,LITRO,REACTIVOS QUIMICOS,1,5,1,SI,353800090002,UNIDAD,ALCOHOL ISOAMILICO P.A. X 1 L,SI
86,ALCOHOL ISOAMILICO ACS,LITRO,REACTIVOS QUIMICOS,1,5,1,SI,,,,NO
87,ALCOHOL ISOPROPILICO O ISOPROPANOL O 2-PROPANOL 99.5%,LITRO,REACTIVOS QUIMICOS,1,5,1,SI,353800020024,UNIDAD,ALCOHOL ISOPROPÍLICO USP X 1 L,SI
88,ALCOHOL METILICO O METANOL 99.8%- BF. PRODUCE,MILILITRO,REACTIVOS QUIMICOS,1,10,1,SI,353800030033,UNIDAD,ALCOHOL METILICO (METANOL) P.A. 99.8% X 2.5 L,SI
89,ALMIDON SOLUBLE ACS,MILILITRO,REACTIVOS QUIMICOS,1,500,1,SI,351000025428,FRASCO,ALMIDON SOLUBLE,SI
90,HIPOXANTINA (AMINOACIDO) ≥99.0%,GRAMO,REACTIVOS QUIMICOS,1,100,1,SI,,,,NO
91,L-ALANINA (AMINOACIDO) ≥99.5%,GRAMO,REACTIVOS QUIMICOS,1,100,1,SI,358600101259,GRAMO,AMINOACIDO ALANINA,SI
92,L- ARGININA (AMINOACIDO) ≥99.5%,GRAMO,REACTIVOS QUIMICOS,1,100,1,SI,351000022969,UNIDAD,L-ARGININA X 25 G,SI
93,L-LEUCINA (AMINOACIDO) ≥99.5%,GRAMO,REACTIVOS QUIMICOS,1,100,1,SI,351000020706,UNIDAD,L-LEUCINA P.F. BIOQ X 25 G,SI
94,L-PROLINA (AMINOACIDO) ≥99.5%,GRAMO,REACTIVOS QUIMICOS,1,100,1,SI,358600101261,GRAMO,AMINOACIDO PROLINA,SI
95,L-TREONINA (AMINOACIDO) ≥99.5%,GRAMO,REACTIVOS QUIMICOS,1,100,1,SI,351100010035,UNIDAD,L-TREONINA 5 G,SI
96,L-VALINA (AMINOACIDO) ≥99.5%,GRAMO,REACTIVOS QUIMICOS,1,100,1,SI,351100010036,UNIDAD,L-VALINA X 10 G,SI
97,L-SERINE (AMINOACIDO) ≥99.5% ,GRAMO,REACTIVOS QUIMICOS,1,100,1,SI,351000026037,UNIDAD,L-SERINA X 15 G,SI
98,L-FENILALANINA (AMINOACIDO) ≥99.5%,GRAMO,REACTIVOS QUIMICOS,1,100,1,SI,,,,NO
99,L-ASPARAGINA (AMINOACIDO) ,GRAMO,REACTIVOS QUIMICOS,1,100,1,SI,351000026027,UNIDAD,L-ASPARAGINA P.A. X 20 G,SI
100,L-HISTIDINA (AMINOACIDO) ≥99.5%,GRAMO,REACTIVOS QUIMICOS,1,100,1,SI,351000026016,UNIDAD,L-HISTIDINA X 50 G,SI
101,L-GLICINA (AMINOACIDO)  ≥99.5%,GRAMO,REACTIVOS QUIMICOS,1,100,1,SI,351000020590,UNIDAD,GLICINA (ACIDO AMINOACETICO) X 100 G,SI
102,D-ALANINA (AMINOACIDO) ≥99.5%,GRAMO,REACTIVOS QUIMICOS,1,100,1,SI,,,,NO
103,D- ARGININA (AMINOACIDO) ≥99.5%,GRAMO,REACTIVOS QUIMICOS,1,100,1,SI,,,,NO
104,D-LEUCINA (AMINOACIDO) ≥99.5%,GRAMO,REACTIVOS QUIMICOS,1,100,1,SI,,,,NO
105,D-TREONINA (AMINOACIDO) ≥99.5%,GRAMO,REACTIVOS QUIMICOS,1,100,1,SI,,,,NO
106,D-VALINA (AMINOACIDO) ≥99.5%,GRAMO,REACTIVOS QUIMICOS,1,100,1,SI,,,,NO
107,D-SERINE (AMINOACIDO) ≥99.5% ,GRAMO,REACTIVOS QUIMICOS,1,100,1,SI,,,,NO
108,D-ASPARAGINA (AMINOACIDO) ,GRAMO,REACTIVOS QUIMICOS,1,100,1,SI,351000026027,UNIDAD,L-ASPARAGINA P.A. X 20 G,SI
109,D-FENILALANINA (AMINOACIDO) ≥99.5%,GRAMO,REACTIVOS QUIMICOS,1,100,1,SI,,,,NO
110,D-GLICINA (AMINOACIDO)  ≥99.5%,GRAMO,REACTIVOS QUIMICOS,1,100,1,SI,,,,NO
111,D-PROLINA (AMINOACIDO) ≥99.5%,GRAMO,REACTIVOS QUIMICOS,1,100,1,SI,,,,NO
112,DL-ALANINA (AMINOACIDO) ≥99.5%,GRAMO,REACTIVOS QUIMICOS,1,100,1,SI,,,,NO
113,DL- ARGININA (AMINOACIDO) ≥99.5%,GRAMO,REACTIVOS QUIMICOS,1,100,1,SI,,,,NO
114,DL-LEUCINA (AMINOACIDO) ≥99.5%,GRAMO,REACTIVOS QUIMICOS,1,100,1,SI,,,,NO
115,DL-TREONINA (AMINOACIDO) ≥99.5%,GRAMO,REACTIVOS QUIMICOS,1,100,1,SI,,,,NO
116,DL-VALINA (AMINOACIDO) ≥99.5%,GRAMO,REACTIVOS QUIMICOS,1,100,1,SI,,,,NO
117,DL-SERINE (AMINOACIDO) ≥99.5% ,GRAMO,REACTIVOS QUIMICOS,1,100,1,SI,,,,NO
118,DL-FENILALANINA (AMINOACIDO) ≥99.5%,GRAMO,REACTIVOS QUIMICOS,1,100,1,SI,,,,NO
119,DL-ASPARAGINA (AMINOACIDO) ,GRAMO,REACTIVOS QUIMICOS,1,100,1,SI,351000026027,UNIDAD,L-ASPARAGINA P.A. X 20 G,SI
120,DL-HISTIDINA (AMINOACIDO) ≥99.5%,GRAMO,REACTIVOS QUIMICOS,1,100,1,SI,,,,NO
121,DL-GLICINA (AMINOACIDO)  ≥99.5%,GRAMO,REACTIVOS QUIMICOS,1,100,1,SI,,,,NO
122,DL-PROLINA (AMINOACIDO) ≥99.5%,GRAMO,REACTIVOS QUIMICOS,1,100,1,SI,,,,NO
123,D(-)-Α-AMINOBENCILPENICILINA (SAL DE SODIO)  ,GRAMO,REACTIVOS QUIMICOS,1,100,1,SI,,,,NO
124,AMPICILINA ,GRAMO,REACTIVOS QUIMICOS,1,10,1,SI,580700020011,UNIDAD,AMPICILINA 5 G ,SI
125,ANARANJADO DE METILO ACS,GRAMO,REACTIVOS QUIMICOS,1,100,1,SI,351000040419,UNIDAD,ANARANJADO DE METILO,SI
126,ANTIBIOTICO (EN DISCOS DE SENSIBILIDAD) ACIDO NALIDIXICO  ,FRASCO X 50 UNIDADES,REACTIVOS QUIMICOS,1,2,1,SI,,,,NO
127,ANTIBIOTICO (EN DISCOS DE SENSIBILIDAD) AMOXICILINA  ,FRASCO X 50 UNIDADES,REACTIVOS QUIMICOS,1,2,1,SI,,,,NO
128,ANTIBIOTICO (EN DISCOS DE SENSIBILIDAD) AMOXICILINA-AC. CLAVULANICO  ,FRASCO X 50 UNIDADES,REACTIVOS QUIMICOS,1,2,1,SI,358600010343,UNIDAD,DISCO DE SENSIBILIDAD DE AMOXICILINA + ACIDO CLAVULANICO 20 µG + 10 µG X 50 DISCOS,SI
129,ANTIBIOTICO (EN DISCOS DE SENSIBILIDAD) AMPICILINA  ,FRASCO X 50 UNIDADES,REACTIVOS QUIMICOS,1,2,1,SI,,,,NO
130,ANTIBIOTICO (EN DISCOS DE SENSIBILIDAD) CEFTAZIDIMA  ,FRASCO X 50 UNIDADES,REACTIVOS QUIMICOS,1,2,1,SI,,,,NO
131,ANTIBIOTICO (EN DISCOS DE SENSIBILIDAD) CEFTAZIDIMA-AC. CLAVULANICO  ,FRASCO X 50 UNIDADES,REACTIVOS QUIMICOS,1,2,1,SI,,,,NO
132,ANTIBIOTICO (EN DISCOS DE SENSIBILIDAD) CEFTRIAXONA  ,FRASCO X 50 UNIDADES,REACTIVOS QUIMICOS,1,2,1,SI,,,,NO
133,ANTIBIOTICO (EN DISCOS DE SENSIBILIDAD) CEFTRIAXONA-AC. CLAVULANICO  ,FRASCO X 50 UNIDADES,REACTIVOS QUIMICOS,1,2,1,SI,,,,NO
134,ANTIBIOTICO (EN DISCOS DE SENSIBILIDAD) CLORAMFENICOL  ,FRASCO X 50 UNIDADES,REACTIVOS QUIMICOS,1,2,1,SI,358600010977,UNIDAD,DISCO SENSIBILIDAD CLORAMFENICOL,SI
135,ANTIBIOTICO (EN DISCOS DE SENSIBILIDAD) ERITROMICINA  ,FRASCO X 50 UNIDADES,REACTIVOS QUIMICOS,1,2,1,SI,,,,NO
136,ANTIBIOTICO (EN DISCOS DE SENSIBILIDAD) ESTREPTOMICINA  ,FRASCO X 50 UNIDADES,REACTIVOS QUIMICOS,1,2,1,SI,,,,NO
137,ANTIBIOTICO (EN DISCOS DE SENSIBILIDAD) FURAZOLIDONA  ,FRASCO X 50 UNIDADES,REACTIVOS QUIMICOS,1,2,1,SI,,,,NO
138,ANTIBIOTICO (EN DISCOS DE SENSIBILIDAD) GENTAMICINA  ,FRASCO X 50 UNIDADES,REACTIVOS QUIMICOS,1,2,1,SI,358600010609,UNIDAD,DISCO DE SENSIBILIDAD DE GENTAMICINA 10 µG,SI
139,ANTIBIOTICO (EN DISCOS DE SENSIBILIDAD) NOVOBIOCINA  ,FRASCO X 50 UNIDADES,REACTIVOS QUIMICOS,1,2,1,SI,358600010551,UNIDAD,DISCO DE SENSIBILIDAD DE NOVOBIOCINA 30 µG X 50 DISCOS,SI
140,ANTIBIOTICO (EN DISCOS DE SENSIBILIDAD) OPTOQUINA  ,FRASCO X 50 UNIDADES,REACTIVOS QUIMICOS,1,2,1,SI,,,,NO
141,ANTIBIOTICO (EN DISCOS DE SENSIBILIDAD) PENICILINA  ,FRASCO X 50 UNIDADES,REACTIVOS QUIMICOS,1,2,1,SI,,,,NO
142,ANTIBIOTICO (EN DISCOS DE SENSIBILIDAD) VANCOMICINA  ,FRASCO X 50 UNIDADES,REACTIVOS QUIMICOS,1,2,1,SI,,,,NO
143,ANTRONA ANTRONA 97%,GRAMO,REACTIVOS QUIMICOS,1,25,1,SI,351000023753,UNIDAD,ANTRONA P.A. X 10 G,SI
144,D-ARABINOSA ,GRAMO,REACTIVOS QUIMICOS,1,10,1,SI,,,,NO
145,L-ARABINOSA ,GRAMO,REACTIVOS QUIMICOS,1,10,1,SI,,,,NO
146,ARCILLA EN POLVO,KILO,REACTIVOS QUIMICOS,1,2,1,SI,,,,NO
147,ARSENITO DE SODIO P.A,GRAMO,REACTIVOS QUIMICOS,1,10,1,SI,351000020184,UNIDAD,ARSENITO DE SODIO P.A. X 100 G,SI
148,AZIDA DE SODIO  ≥99.5%,GRAMO,REACTIVOS QUIMICOS,1,50,1,SI,351000024601,UNIDAD,AZIDA DE SODIO X 100 G,SI
149,AZUL BRILLANTE DE COOMASSIE G-250,GRAMO,REACTIVOS QUIMICOS,1,25,1,SI,,,,NO
150,AZUL BRILLANTE DE COOMASSIE R-250,GRAMO,REACTIVOS QUIMICOS,1,25,1,SI,351000040339,UNIDAD,COLORANTE AZUL BRILLANTE DE COOMASIE R-250 X 25 G,SI
151,AZUL DE BROMOTIMOL ACS,GRAMO,REACTIVOS QUIMICOS,1,25,1,SI,,,,NO
152,SOLUCION DE AZUL DE LACTOFENOL,MILILITRO,REACTIVOS QUIMICOS,1,50,1,SI,351000040453,UNIDAD,COLORANTE AZUL DE LACTOFENOL X 50 ML,SI
153,AZUL DE METILENO ,GRAMO,REACTIVOS QUIMICOS,1,10,1,SI,351000040005,UNIDAD,COLORANTE AZUL DE METILENO X 25 G,SI
154,AZUL DE TOLUIDINA ,GRAMO,REACTIVOS QUIMICOS,1,10,1,SI,351000025445,FRASCO,AZUL DE TOLUIDINA,SI
155,AZUL DE TRIPAN ,GRAMO,REACTIVOS QUIMICOS,1,10,1,SI,,,,NO
156,BALSAMO DE CANADA ,MILILITRO,REACTIVOS QUIMICOS,1,50,1,SI,351000023544,UNIDAD,BALSAMO DE CANADA X 500 ML,SI
157,BICARBONATO DE SODIO ACS,GRAMO,REACTIVOS QUIMICOS,1,1000,1,SI,357600020224,GRAMO,BICARBONATO DE SODIO,SI
158,BICARBONATO DE SODIO DIBASICO,GRAMO,REACTIVOS QUIMICOS,1,1000,1,SI,351000025812,POTE,BICARBONATO DE SODIO X 50 G DETALLE: DIBASICO,SI
159,BICARBONATO DE SODIO MONO BASICO (BEB) ,GRAMO,REACTIVOS QUIMICOS,1,1000,1,SI,,,,NO
160,CLORURO DE MAGNESIO,GRAMO,REACTIVOS QUIMICOS,1,100,1,SI,351000025641,GRAMO,CLORURO DE MAGNESIO,SI
161,BIFTALATO DE POTASIO O HIDROGENOFTALATO DE POTASIO,GRAMO,REACTIVOS QUIMICOS,1,100,1,SI,351000026007,UNIDAD,BIFTALATO DE POTASIO P.A. X 25 G,SI
162,BIS ACRILAMIDA O N;N'-METHYLENE BIS ACRYLAMIDE  PARA ELETROFORESIS,MILILITRO,REACTIVOS QUIMICOS,1,50,1,SI,351000026018,UNIDAD,BISACRILAMIDA PARA ELECTROFORESIS X 500 G,SI
163,CALDO AZIDA GLUCOSA  ,GRAMO,REACTIVOS QUIMICOS,1,500,1,SI,,,,NO
164,CALDO INFUSION CEREBRO-CORAZON O CALDO BHI,GRAMO,REACTIVOS QUIMICOS,1,500,1,SI,358600101357,UNIDAD,CALDO BHI X 200 G,SI
165,CALDO VERDE BRILLANTE BILIS LACTOSA O CALDO BRILA,GRAMO,REACTIVOS QUIMICOS,1,500,1,SI,358600100162,UNIDAD,CALDO BRILLA (VERDE BRILLANTE) X 500 G,SI
166,CALDO EC O CALDO ESCHERICHIA COLI,GRAMO,REACTIVOS QUIMICOS,1,500,1,SI,358600100181,UNIDAD,CALDO EC X 500 G,SI
167,CALDO GIOLITTI Y CANTONI (BASE),GRAMO,REACTIVOS QUIMICOS,1,500,1,SI,351000025456,FRASCO,CALDO GIOLITTI-CANTONI,SI
168,CALDO DE ENRIQUECIMIENTO GN (GRAM NEGATIVO) SEGUN HAJNA,GRAMO,REACTIVOS QUIMICOS,1,1000,1,SI,,,,NO
169,CALDO LACTOSADO,GRAMO,REACTIVOS QUIMICOS,1,1000,1,SI,358600100194,UNIDAD,CALDO LACTOSADO X 500 G,SI
170,CALDO LAURIL SULFATO O CALDO LAURIL SULFATO TRIPTOSA,GRAMO,REACTIVOS QUIMICOS,1,250,1,SI,358600100195,UNIDAD,CALDO LAURIL SULFATO TRIPTOSA X 500 G,SI
171,CALDO LURIA BERTANI O CALDO LURIA,GRAMO,REACTIVOS QUIMICOS,1,250,1,SI,,,,NO
172,CALDO MRVP O CALDO ROJO DE METILO SEGUN VOGES PROSKAUER,GRAMO,REACTIVOS QUIMICOS,1,250,1,SI,351000025458,FRASCO,CALDO MR-VP,SI
173,CALDO NITRATO,GRAMO,REACTIVOS QUIMICOS,1,200,1,SI,,,,NO
174,CALDO NUTRITIVO,GRAMO,REACTIVOS QUIMICOS,1,250,1,SI,358600101289,FRASCO/SPRAY,CALDO NUTRITIVO,SI
175,CALDO PURPURA DE BROMOCRESOL,GRAMO,REACTIVOS QUIMICOS,1,250,1,SI,358600101358,UNIDAD,CALDO PURPURA DE BROMOCRESOL X 100 G,SI
176,CALDO SELENITO F O CALDO DE ENRIQUECIMIENTO SELENITO-CISTINA,GRAMO,REACTIVOS QUIMICOS,1,250,1,SI,358600101327,FRASCO,CALDO SELENITO,SI
177,CALDO TETRATIONATO,GRAMO,REACTIVOS QUIMICOS,1,250,1,SI,358600100229,UNIDAD,CALDO TETRATIONATO X 500 G,SI
178,CALDO TIOGLICOLATO,GRAMO,REACTIVOS QUIMICOS,1,250,1,SI,358600100895,GRAMO,CALDO TIOGLICOLATO,SI
179,CALDO TRIPTICASA SOYA (TSB),GRAMO,REACTIVOS QUIMICOS,1,250,1,SI,358600100764,GRAMO,CALDO TRIPTICASA SOYA (TSB),SI
180,CALDO TRIPTOSA FOSFATO,GRAMO,REACTIVOS QUIMICOS,1,250,1,SI,,,,NO
181,CARBON ACTIVADO,GRAMO,REACTIVOS QUIMICOS,1,500,1,SI,,,,NO
182,CARBONATO DE SODIO ANHIDRO,GRAMO,REACTIVOS QUIMICOS,1,250,1,SI,351000023707,UNIDAD,CARBONATO DE SODIO ANHIDRO P.A. X 500 G,SI
183,CARBOXIMETIL CELULOSA,GRAMO,REACTIVOS QUIMICOS,1,1000,1,SI,351000025462,FRASCO,CARBOXIMETIL CELULOSA,SI
184,CARMIN,GRAMO,REACTIVOS QUIMICOS,1,5,1,SI,357600020203,KILOGRAMO,COLORANTE CARMIN,SI
185,CASEINA,GRAMO,REACTIVOS QUIMICOS,1,100,1,SI,358600100251,UNIDAD,CASEINA  X 100 G,SI
186,CELULASA,GRAMO,REACTIVOS QUIMICOS,1,5,1,SI,585702020002,UNIDAD,CELULASA X 10 ,SI
187,CICLOHEXIMIDE,GRAMO,REACTIVOS QUIMICOS,1,100,1,SI,358600010028,UNIDAD,CICLOHEXIMIDA X 5 G,SI
188,CITRATO DE AMONIO FERRICO,GRAMO,REACTIVOS QUIMICOS,1,500,1,SI,351000022463,UNIDAD,CITRATO DE AMONIO FERRICO X 50 G,SI
189,CITRATO DE SODIO (TDC),GRAMO,REACTIVOS QUIMICOS,1,500,1,SI,351000023966,GRAMO,CITRATO DE SODIO Q.P.,SI
190,CLOROFORMO  ≥99.5%,MILILITRO,REACTIVOS QUIMICOS,1,250,1,SI,351000020351,UNIDAD,CLOROFORMO P.A X 2.5 L,SI
191,CLORURO DE AMONIO - BF.SUNAT,GRAMO,REACTIVOS QUIMICOS,1,500,1,SI,351000023951,UNIDAD,CLORURO DE AMONIO P.A. X 500 G,SI
192,CLORURO DE BARIO,GRAMO,REACTIVOS QUIMICOS,1,1000,1,SI,,,,NO
193,CLORURO DE CALCIO ANHIDRO ≥99.9%,GRAMO,REACTIVOS QUIMICOS,1,1000,1,SI,351000020355,UNIDAD,CLORURO CALCICO ANHIDRO X 100 G,SI
194,CLORURO DE CALCIO DIHIDRATADO ≥99.0%,GRAMO,REACTIVOS QUIMICOS,1,100,1,SI,351000022454,UNIDAD,CLORURO DE CALCIO DIHIDRATO P.A. X 250 G,SI
195,CLORURO DE MAGNESIO ANHIDRO  ≥98%,GRAMO,REACTIVOS QUIMICOS,1,100,1,SI,351000020379,UNIDAD,CLORURO DE MAGNESIO ANHIDRO P.A. X 500 G,SI
196,CLORURO DE MAGNESIO ANHIDRO,GRAMO,REACTIVOS QUIMICOS,1,100,1,SI,,,,NO
197,CLORURO DE MAGNESIO HEXAHIDRATADO ≥99.0%,GRAMO,REACTIVOS QUIMICOS,1,300,1,SI,351000022572,GRAMO,CLORURO DE MAGNESIO HEXAHIDRATADO X 500 G - ,SI
198,CLORURO DE POTASIO ≥99.0%,GRAMO,REACTIVOS QUIMICOS,1,300,1,SI,351000026028,UNIDAD,CLORURO DE POTASIO P.A. X 420 G,SI
199,CLORURO DE SODIO,GRAMO,REACTIVOS QUIMICOS,1,300,1,SI,357600020733,GRAMO,CLORURO DE SODIO,SI
200,CLORURO FERRICO ANHIDRO ≥99.99%,GRAMO,REACTIVOS QUIMICOS,1,300,1,SI,351000024553,UNIDAD,CLORURO FERRICO P.A. X 100 G,SI
201,COLCHICINA ≥95%,GRAMO,REACTIVOS QUIMICOS,0.5,2,0.1,SI,358600093120,UNIDAD,COLCHICINA X 7 G,SI
202,CREOSOTA,MILILITRO,REACTIVOS QUIMICOS,1,100,1,SI,,,,NO
203,CRISTAL VIOLETA O VIOLETA DE GENCIANA,GRAMO,REACTIVOS QUIMICOS,1,1000,1,SI,351000040124,UNIDAD,COLORANTE CRISTAL VIOLETA X 100 G,SI
204,CROMOMICINA A3 ,MILIGRAMO,REACTIVOS QUIMICOS,1,20,1,SI,,,,NO
205,DAPI; 4′;6-DIAMIDINO-2-PHENYLINDOLE DIHYDROCHLORIDE O DAPI DICLORHIDRATO ,MILIGRAMO,REACTIVOS QUIMICOS,1,20,1,SI,351000023237,UNIDAD,DAPI (4;6-DIAMINO -2- FENIL INDOL DICLORHIDRATO) P.A. X 10 MG,SI
206,DICLOROMETANO ANHIDRO ≥99.8%,MILILITRO,REACTIVOS QUIMICOS,1,250,1,SI,351000026029,UNIDAD,DICLOROMETANO P.A. X 250 ML,SI
207,DESOXICOLATO DE SODIO ≥98.0%,GRAMO,REACTIVOS QUIMICOS,1,100,1,SI,351000022149,UNIDAD,SODIO DESOXICOLATO X 10 G,SI
208,DODECIL SULFATO DE SODIO ≥98.5% (GC),GRAMO,REACTIVOS QUIMICOS,1,200,1,SI,351000025469,FRASCO,DODECIL SULFATO DE SODIO,SI
209,EDTA ANHIDRO,GRAMO,REACTIVOS QUIMICOS,1,100,1,SI,,,,NO
210,EDTA DISODICO DIHIDRATADO,GRAMO,REACTIVOS QUIMICOS,1,100,1,SI,,,,NO
211,ENTELLAN O ENTELLAN NUEVO,MILILITRO,REACTIVOS QUIMICOS,1,250,1,SI,351000026030,UNIDAD,SOLUCION ENTELLAN X 1000 ML,SI
212,TAQ DNA POLIMERASA ( 5U/µL),UNIDAD,REACTIVOS QUIMICOS,1,2,1,SI,,,,NO
213,EOSINA A (AMARILLENTA) O EOSIN YELLOW,GRAMO,REACTIVOS QUIMICOS,1,10,1,SI,351000040428,FRASCO,EOSINA AMARILLENTA,SI
214,EOSINA Y,GRAMO,REACTIVOS QUIMICOS,1,1000,1,SI,,,,NO
215,EPINEFRINA 1%,MILILITRO,REACTIVOS QUIMICOS,1,5,1,SI,,,,NO
216,ERITROMICINA PARA CULTIVO CELULAR,GRAMO,REACTIVOS QUIMICOS,0.1,2,0.1,SI,,,,NO
217,ETER DE PETROLEO-P.A.,LITRO,REACTIVOS QUIMICOS,1,4,1,SI,353700060019,UNIDAD,ETER DE PETROLEO P.A. X 1 L,SI
218,ETER DIETILICO ABSOLUTO,MILILITRO,REACTIVOS QUIMICOS,1,500,1,SI,353700060021,UNIDAD,ETER DIETILICO P.A. X 2.5 L,SI
219,EXTRACTO DE CARNE GRANULADO,GRAMO,REACTIVOS QUIMICOS,1,100,1,SI,351000025470,FRASCO,EXTRACTO DE CARNE,SI
220,EXTRACTO DE LEVADURA GRANULADO,GRAMO,REACTIVOS QUIMICOS,1,100,1,SI,358600101354,UNIDAD,EXTRACTO DE LEVADURA X 100 G,SI
221,EXTRACTO DE MALTA,GRAMO,REACTIVOS QUIMICOS,1,100,1,SI,351000025471,FRASCO,EXTRACTO DE MALTA,SI
222,FENILALANINA ,GRAMO,REACTIVOS QUIMICOS,1,1000,1,SI,,,,NO
223,FENOL,GRAMO,REACTIVOS QUIMICOS,1,1000,1,SI,353600050009,GRAMO,FENOL P.A.,SI
224,FENOL CRISTALIZADO / ACIDO  FENICO ,GRAMO,REACTIVOS QUIMICOS,1,1000,1,SI,351000025288,UNIDAD,ACIDO FENICO,SI
225,FENOLFTALEINA ,GRAMO,REACTIVOS QUIMICOS,1,100,1,SI,351000025646,UNIDAD,FENOLFTALEINA,SI
226,FIJADOR DE BOUIN ALCOHOLICO,MILILITRO,REACTIVOS QUIMICOS,1,250,1,SI,,,,NO
227,FORMALDEHIDO ,MILILITRO,REACTIVOS QUIMICOS,1,250,1,SI,351000026019,UNIDAD,FORMALDEHIDO X 352 ML,SI
228,FORMAMIDA ≥99.5%,MILILITRO,REACTIVOS QUIMICOS,1,100,1,SI,351000023531,UNIDAD,FORMAMIDA P.A. X 1 L,SI
229,FORMOL 40%,LITRO,REACTIVOS QUIMICOS,1,10,1,SI,358600092973,UNIDAD,FORMOL DE 40 % X 1 L,SI
230,FOSFATO ACIDO DE POTASIO P.A,GRAMO,REACTIVOS QUIMICOS,1,1000,1,SI,351000026020,UNIDAD,FOSFATO ACIDO DE POTASIO P.A. X 300 G,SI
231,FOSFATO MONOBASICO DE POTASIO (KH2PO4),GRAMO,REACTIVOS QUIMICOS,1,1000,1,SI,,,,NO
232,FOSFATO DIBASICO DE POTASIO K2HPO4,GRAMO,REACTIVOS QUIMICOS,1,1000,1,SI,351000025827,UNIDAD,FOSFATO DE POTASIO DIBASICO X 1230,SI
233,FOSFATO DIBASICO DE SODIO (NA2HPO4),GRAMO,REACTIVOS QUIMICOS,1,1000,1,SI,,,,NO
234,FOSFATO MONOBASICO DE SODIO (NAH2PO4),GRAMO,REACTIVOS QUIMICOS,1,1000,1,SI,351000025475,FRASCO,FOSFATO MONOBÁSICO DE SODIO,SI
235,D(-)-FRUCTUOSA,GRAMO,REACTIVOS QUIMICOS,1,100,1,SI,351000026032,UNIDAD,D (-) FRUCTOSA Q.P. X 620 G,SI
236,FRUCTOSA,GRAMO,REACTIVOS QUIMICOS,1,100,1,SI,,,,NO
237,FUCSINA ACIDA ,GRAMO,REACTIVOS QUIMICOS,1,10,1,SI,351000025477,FRASCO,FUCSINA ÁCIDA,SI
238,FUCSINA BASICA,GRAMO,REACTIVOS QUIMICOS,1,100,1,SI,351000040138,GRAMO,COLORANTE FUCSINA BASICA,SI
239,FURAZOLIDONA ,GRAMO,REACTIVOS QUIMICOS,1,100,1,SI,,,,NO
240,D-(+)-GALACTOSA,GRAMO,REACTIVOS QUIMICOS,1,100,1,SI,,,,NO
241, L-(-)-GALACTOSA),GRAMO,REACTIVOS QUIMICOS,1,100,1,SI,,,,NO
242,GIEMSA,GRAMO,REACTIVOS QUIMICOS,1,100,1,SI,351000022742,GRAMO,COLORANTE  GIEMSA,SI
243,GLICERINA O GLICEROL,LITRO,REACTIVOS QUIMICOS,1,5,1,SI,351000021369,UNIDAD,GLICERINA Q.P. X 1 L,SI
244,GLUCONATO DE POTASIO,GRAMO,REACTIVOS QUIMICOS,1,100,1,SI,,,,NO
245,D-(+)-GLUCOSA O DEXTROSA ANHIDRA Q.P,GRAMO,REACTIVOS QUIMICOS,1,100,1,SI,351000025468,FRASCO,DEXTROSA ANHIDRA,SI
246,HEMATOXILINA,GRAMO,REACTIVOS QUIMICOS,1,50,1,SI,351000040429,FRASCO,HEMATOXILINA,SI
247,HEPES,GRAMO,REACTIVOS QUIMICOS,1,100,1,SI,,,,NO
248,HEXAMETAFOSFATO DE SODIO (CALGON),GRAMO,REACTIVOS QUIMICOS,1,100,1,SI,351000023362,UNIDAD,HEXAMETAFOSFATO DE SODIO Q.P. X 500 G,SI
249,HIDRATO DE CLORAL O HIDRATO DE TRICLOROACETALDEHIDO,GRAMO,REACTIVOS QUIMICOS,1,1000,1,SI,351000025115,UNIDAD,HIDRATO DE CLORAL X 100 G,SI
250,HIDROQUINONA,GRAMO,REACTIVOS QUIMICOS,1,1000,1,SI,357600020225,GRAMO,HIDROQUINONA,SI
251,HIDROXIDO DE BARIO,GRAMO,REACTIVOS QUIMICOS,1,2000,1,SI,,,,NO
252,HIDROXIDO DE POTASIO,GRAMO,REACTIVOS QUIMICOS,1,1000,1,SI,353700030045,UNIDAD,HIDROXIDO DE POTASIO Q.P. X 100 G,SI
253,HIDROXIDO DE SODIO PELLETS,GRAMO,REACTIVOS QUIMICOS,1,1000,1,SI,353700030070,FRASCO,HIDROXIDO DE SODIO P.A.,SI
254,HIROXIDO DE SODIO EN GRAGEAS,GRAMO,REACTIVOS QUIMICOS,1,1000,1,SI,,,,NO
255,YODO METALICO / YODO RESUBLIMADO,GRAMO,REACTIVOS QUIMICOS,1,1000,1,SI,351000025272,FRASCO,IODO METALICO X 25 GR,SI
256,YODURO DE POTASIO ,GRAMO,REACTIVOS QUIMICOS,1,1000,1,SI,,,,NO
257,KITS DE ANALISIS DE AMONIO,KIT,REACTIVOS QUIMICOS,1,2,1,SI,,,,NO
258,KITS DE ANALISIS DE NITRATOS,KIT,REACTIVOS QUIMICOS,1,2,1,SI,,,,NO
259,KITS DE ANALISIS DE NITRITOS,KIT,REACTIVOS QUIMICOS,1,2,1,SI,,,,NO
260,LACTOSA ,GRAMO,REACTIVOS QUIMICOS,1,1000,1,SI,351000025401,UNIDAD,LACTOSA,SI
261,LECITINA DE SOYA,GRAMO,REACTIVOS QUIMICOS,1,1000,1,SI,,,,NO
262,LIDOCAINA,FRASCO X 50 ML,REACTIVOS QUIMICOS,1,5,1,SI,,,,NO
263,LUGOL ,MILILITRO,REACTIVOS QUIMICOS,1,3000,1,SI,351000040135,UNIDAD,LUGOL X 500 ML,SI
264,MALTOSA ,GRAMO,REACTIVOS QUIMICOS,1,1000,1,SI,351000025405,UNIDAD,MALTOSA,SI
265,MANITOL ,GRAMO,REACTIVOS QUIMICOS,1,1000,1,SI,357600020275,UNIDAD,MANITOL X 50 KG,SI
266,MEDIO BASAL OXIDO FERMENTACION O HUGH Y LEIFSON,GRAMO,REACTIVOS QUIMICOS,1,100,1,SI,358600101359,UNIDAD,MEDIO BASAL X 15G,SI
267,MEDIO ESENCIAL MINIMO EAGLE,MILILITRO,REACTIVOS QUIMICOS,1,100,1,SI,,,,NO
268,2-MERCAPTOETANOL O MERCAPTOETANOL,MILILITRO,REACTIVOS QUIMICOS,1,100,1,SI,351000025406,FRASCO,MERCAPTOETANOL,SI
269,1-NAFTOL O ALFA-NAFTOL,GRAMO,REACTIVOS QUIMICOS,1,50,1,SI,,,,NO
270,NINHIDRINA,GRAMO,REACTIVOS QUIMICOS,1,5,1,SI,351000026033,UNIDAD,NINHIDRINA P.A. X 5 G,SI
271,NITRATO DE AMONIO Y CERIO (IV),GRAMO,REACTIVOS QUIMICOS,1,100,1,SI,351000026017,UNIDAD,NITRATO DE AMONIO Q.P. X 100 G,SI
272,NITRATO DE CALCIO,GRAMO,REACTIVOS QUIMICOS,1,100,1,SI,351000025407,frASCO,NITRATO DE CALCIO,SI
273,NITRATO DE PLATA,GRAMO,REACTIVOS QUIMICOS,1,100,1,SI,351000021455,UNIDAD,NITRATO DE PLATA Q.P. X 100 G,SI
274,NITRATO DE POTASIO,GRAMO,REACTIVOS QUIMICOS,1,100,1,SI,,,,NO
275,ORCEINA,GRAMO,REACTIVOS QUIMICOS,1,5,1,SI,351000025409,FRASCO,ORCEINA,SI
276,ORTO-FENANTROLINA O 1;1 O-FENANTROLINA,GRAMO,REACTIVOS QUIMICOS,1,5,1,SI,351000023211,UNIDAD,ORTOFENANTROLINA P.A. X 5 G,SI
277,OXALATO DE AMONIO,GRAMO,REACTIVOS QUIMICOS,1,100,1,SI,,,,NO
278,OXIDO DE MERCURIO (II) ROJO,GRAMO,REACTIVOS QUIMICOS,1,50,1,SI,,,,NO
279,PANCREATINA,GRAMO,REACTIVOS QUIMICOS,1,50,1,SI,351000025411,FRASCO,PANCREATINA,SI
280,P-DIMETILAMINO BENZALDEHIDO,GRAMO,REACTIVOS QUIMICOS,1,50,1,SI,351000020883,UNIDAD,P-DIMETILAMINO BENZALDEHIDO P.A. X 1 G,SI
281,PARAFINA LIQUIDA / VASELINA LIQUIDA / ACEITE MINERAL,MILILITRO,REACTIVOS QUIMICOS,1,300,1,SI,351000025412,FRASCO,PARAFINA LÍQUIDA,SI
282,PARAFINA EN PASTILLAS O PARAFINA SOLIDA,GRAMO,REACTIVOS QUIMICOS,1,1000,1,SI,351000025413,UNIDAD,PARAFINA SOLIDA,SI
283,PARAPLAST O HISTOPLAST,GRAMO,REACTIVOS QUIMICOS,1,1000,1,SI,351000025414,FRASCO,PARAPLAST,SI
284,PEPSINA,GRAMO,REACTIVOS QUIMICOS,1,100,1,SI,351000023229,UNIDAD,PEPSINA Q.P. X 100 G,SI
285,PEPTONA DE CARNE,GRAMO,REACTIVOS QUIMICOS,1,250,1,SI,358600100322,UNIDAD,PEPTONA DE CARNE X 500 G,SI
286,PEPTONA DE CASEINA,GRAMO,REACTIVOS QUIMICOS,1,250,1,SI,,,,NO
287,PEPTONA DE SOYA O PEPTONA DE HARINA DE SOYA,GRAMO,REACTIVOS QUIMICOS,1,250,1,SI,358600101360,UNIDAD,PEPTONA DE HARINA DE SOYA X 50 G,SI
288,PERMANGANATO DE POTASIO - BF.SUNAT,GRAMO,REACTIVOS QUIMICOS,1,1000,1,SI,,,,NO
289,PIRUVATO DE SODIO ,GRAMO,REACTIVOS QUIMICOS,1,1000,1,SI,351000023390,UNIDAD,PIRUVATO DE SODIO X 10 G,SI
290,PROPANODIOL ,MILILITRO,REACTIVOS QUIMICOS,1,1000,1,SI,,,,NO
291,PROTEINASA K ,MILIGRAMO,REACTIVOS QUIMICOS,1,20,1,SI,,,,NO
292,PURPURA DE BROMOCRESOL,GRAMO,REACTIVOS QUIMICOS,1,1000,1,SI,351000025492,FRASCO,PURPURA DE BROMOCRESOL,SI
293,RAFINOSA ,GRAMO,REACTIVOS QUIMICOS,1,1000,1,SI,351000025493,FRASCO,RAFINOSA,SI
294,REACTIVO DE BENEDIC,MILILITRO,REACTIVOS QUIMICOS,1,1000,1,SI,351000022588,UNIDAD,REACTIVO BENEDICT X 100 ML,SI
295,REACTIVO DE KOVACS PARA INDOL-BF.SUNAT,MILILITRO,REACTIVOS QUIMICOS,1,500,1,SI,358600090785,UNIDAD,REACTIVO KOVACS X 100 ML,SI
296,REACTIVO DE OXIDASA EN TIRAS / BACTIDENT,FRASCO X 50,REACTIVOS QUIMICOS,1,5,1,SI,,,,NO
297,RIBOSA,GRAMO,REACTIVOS QUIMICOS,1,1000,1,SI,351000026034,UNIDAD,RIBOSA X 40 G,SI
298,RNASA,MILILITRO,REACTIVOS QUIMICOS,1,1000,1,SI,,,,NO
299,ROJO DE ALIZARINA ,GRAMO,REACTIVOS QUIMICOS,1,1000,1,SI,351000040332,UNIDAD,COLORANTE ROJO ALIZARINA X 25 G,SI
300,ROJO DE CLOROFENOL,GRAMO,REACTIVOS QUIMICOS,1,1000,1,SI,,,,NO
301,ROJO DE CONGO,GRAMO,REACTIVOS QUIMICOS,1,1000,1,SI,351000040233,GRAMO,COLORANTE ROJO CONGO,SI
302,ROJO DE FENOL ,GRAMO,REACTIVOS QUIMICOS,1,1000,1,SI,351000040349,UNIDAD,COLORANTE ROJO FENOL X 5 G,SI
303,ROJO DE METILO ,GRAMO,REACTIVOS QUIMICOS,1,1000,1,SI,351000040261,UNIDAD,ROJO DE METILO X 25 G,SI
304,ROJO NEUTRO ,GRAMO,REACTIVOS QUIMICOS,1,1000,1,SI,351000025498,FRASCO,ROJO NEUTRO,SI
305,ROSA BENGALA,GRAMO,REACTIVOS QUIMICOS,1,1000,1,SI,,,,NO
306,SACAROSA ,GRAMO,REACTIVOS QUIMICOS,1,1000,1,SI,351000025752,FRASCO,SACAROSA X 100 G,SI
307,SAFRANINA ,GRAMO,REACTIVOS QUIMICOS,1,1000,1,SI,351000040444,GRAMO,SAFRANINA,SI
308,SALES BILIARES (HIDROXICOLATO O TAUROCOLATO DE SODIO),GRAMO,REACTIVOS QUIMICOS,1,100,1,SI,351000026035,UNIDAD,SALES BILIARES X 20 G,SI
309,SEPHADEX G-10 PARA BIOLOGIA MOLECULAR,GRAMO,REACTIVOS QUIMICOS,1,100,1,SI,,,,NO
310,SEPHADEX G-25 PARA BIOLOGIA MOLECULAR,GRAMO,REACTIVOS QUIMICOS,1,100,1,SI,,,,NO
311,SEPHADEX G-50 PARA BIOLOGIA MOLECULAR,GRAMO,REACTIVOS QUIMICOS,1,100,1,SI,,,,NO
312,SEPHADEX G-75 PARA BIOLOGIA MOLECULAR,GRAMO,REACTIVOS QUIMICOS,1,100,1,SI,,,,NO
313,SEPHADEX G-100 PARA BIOLOGIA MOLECULAR,GRAMO,REACTIVOS QUIMICOS,1,100,1,SI,351000026036,UNIDAD,SEPHADEX G-100 X 10 G,SI
314,SEPHADEX G-150 PARA BIOLOGIA MOLECULAR,GRAMO,REACTIVOS QUIMICOS,1,100,1,SI,,,,NO
315,SEPHADEX G-200 PARA BIOLOGIA MOLECULAR,GRAMO,REACTIVOS QUIMICOS,1,100,1,SI,,,,NO
316,SILICA GEL 60 CROMATOGRAFIA,GRAMO,REACTIVOS QUIMICOS,1,1000,1,SI,351000024695,UNIDAD,SILICAGEL X 1 G,SI
317,SOLUCION SALINA ESTERIL ,GRAMO,REACTIVOS QUIMICOS,1,1000,1,SI,351000021075,UNIDAD,SOLUCION SALINA ESTERIL X 1 L,SI
318,STANDARD-TRIPTOFANO (PUREZA 99-100%) SIGMA,GRAMO,REACTIVOS QUIMICOS,1,1000,1,SI,351000026038,UNIDAD,DL-TRIPTOFANO AL 99% -100% X 5 G,SI
319,SUCROSA ,GRAMO,REACTIVOS QUIMICOS,1,1000,1,SI,351000025503,FRASCO,SUCROSA,SI
320,SUERO  DE TERNERA FETAL O SUERO DE BOVINO FETAL DECOMPLEMENTADO,MILILITRO,REACTIVOS QUIMICOS,1,500,1,SI,,,,NO
321,SULFATO DE AMONIO,GRAMO,REACTIVOS QUIMICOS,1,1000,1,SI,351000021113,UNIDAD,SULFATO DE AMONIO P.A. X 50 KG,SI
322,SULFATO DE COBRE H2O,GRAMO,REACTIVOS QUIMICOS,1,1000,1,SI,,,,NO
323,SULFATO DE COBRE HEPTAHIDRATADO,GRAMO,REACTIVOS QUIMICOS,1,1000,1,SI,,,,NO
324,SULFATO DE COBRE PENTAHIDRATADO ,GRAMO,REACTIVOS QUIMICOS,1,1000,1,SI,351000022786,UNIDAD,SULFATO DE COBRE PENTAHIDRATADO P.A. (ACS) X 100 G,SI
325,SULFATO DE HIERRO II P.A.,GRAMO,REACTIVOS QUIMICOS,1,1000,1,SI,351000024935,UNIDAD,SULFATO DE HIERRO II P.A. X 250 G,SI
326,SULFATO DE MAGNESIO ,GRAMO,REACTIVOS QUIMICOS,1,1000,1,SI,351000025507,FRASCO,SULFATO DE MAGNESIO,SI
327,SULFATO DE MANGANESO ,GRAMO,REACTIVOS QUIMICOS,1,1000,1,SI,,,,NO
328,SULFATO DE POTASIO ANHIDRO ,GRAMO,REACTIVOS QUIMICOS,1,1000,1,SI,351000026023,UNIDAD,SULFATO DE POTASIO ANHIDRO  X 100 G,SI
329,SULFATO DE ZINC ,GRAMO,REACTIVOS QUIMICOS,1,1000,1,SI,351000026024,UNIDAD,SULFATO DE ZINC X 20 G,SI
330,SULFATO FERROSO ,GRAMO,REACTIVOS QUIMICOS,1,1000,1,SI,351000021386,GRAMO,SULFATO FERROSO P.A.,SI
331,TELURITO DE POTASIO ,GRAMO,REACTIVOS QUIMICOS,1,1000,1,SI,351000025511,FRASCO,TELURITO DE POTASIO,SI
332,TEMED ,MILILITRO,REACTIVOS QUIMICOS,1,1000,1,SI,351000021171,UNIDAD,TEMED X 100 ML,SI
333,TETRAOXIDO DE OSMIO ,GRAMO,REACTIVOS QUIMICOS,1,1000,1,SI,351000022024,UNIDAD,TETRAOXIDO DE OSMIO X 25 G,SI
334,TIMINA,GRAMO,REACTIVOS QUIMICOS,1,1000,1,SI,,,,NO
335,TIOSULFATO DE SODIO (PENTAHIDRATADO),GRAMO,REACTIVOS QUIMICOS,1,1000,1,SI,351000026025,UNIDAD,TIOSULFATO DE SODIO P.A. X  25 G,SI
336,TIROXINA,GRAMO,REACTIVOS QUIMICOS,1,1000,1,SI,,,,NO
337,TRIPSINA  DIFCO 1:250 ,GRAMO,REACTIVOS QUIMICOS,1,1000,1,SI,351000021223,UNIDAD,TRIPSINA 1:250 POLVO X 25 G,SI
338,TRIPTOFANO ,GRAMO,REACTIVOS QUIMICOS,1,1000,1,SI,351000022168,UNIDAD,TRIPTOFANO X 10 G,SI
339,TRIPTONA ,GRAMO,REACTIVOS QUIMICOS,1,1000,1,SI,,,,NO
340,TRIS BASE ,GRAMO,REACTIVOS QUIMICOS,1,1000,1,SI,351100021042,UNIDAD,TRIS BASE X 500 GR,SI
341,TRITON ,MILILITRO,REACTIVOS QUIMICOS,1,1000,1,SI,351000025516,FRASCO,TRITON,SI
342,TWEEN 20,MILILITRO,REACTIVOS QUIMICOS,1,200,1,SI,351000024148,UNIDAD,TWEEN-20 X 1 L,SI
343,TWEEN 80 O POLISORBATO 80,MILILITRO,REACTIVOS QUIMICOS,1,200,1,SI,351000025517,UNIDAD,TWEEN DETALLE: TWEEN 80,SI
344,URACILO PARA CULTIVO CELULAR,GRAMO,REACTIVOS QUIMICOS,1,10,1,SI,,,,NO
345,URACILO,GRAMO,REACTIVOS QUIMICOS,1,100,1,SI,,,,NO
346,VASELINA O VASELINA SOLIDA,GRAMO,REACTIVOS QUIMICOS,1,100,1,SI,495701420022,UNIDAD,VASELINA SOLIDA X 100 G,SI
347,VERDE DE JANUS O VERDE DE JANUS B,GRAMO,REACTIVOS QUIMICOS,1,10,1,SI,351000040415,FRASCO/SPRAY,VERDE DE JANUS X 10 G,SI
348,VERDE DE MALAQUITA SAL DE OXALATO O VERDE DE MALAQUITA OXALATO,GRAMO,REACTIVOS QUIMICOS,1,10,1,SI,351000025519,UNIDAD,VERDE DE MALAQUITA,SI
349,VERDE DE METILO,GRAMO,REACTIVOS QUIMICOS,1,10,1,SI,351000040436,FRASCO\SPRAY,VERDE DE METILO,SI
350,VIOLETA DE CRESILO ACETATO (CERTISTAIN),GRAMO,REACTIVOS QUIMICOS,1,10,1,SI,351000040448,UNIDAD,COLORANTE VIOLETA DE CRESILO X 25 G,SI
351,VIOLETA DE GENCIANA ,GRAMO,REACTIVOS QUIMICOS,1,1000,1,SI,357600020760,UNIDAD,VIOLETA DE GENCIANA X 20 G,SI
352,XILOL O XILENO,MILILITRO,REACTIVOS QUIMICOS,1,250,1,SI,351000024096,UNIDAD,XILOL P.A. X 1 L,SI
353,XILOSA,GRAMO,REACTIVOS QUIMICOS,1,25,1,SI,351000026039,GRAMO,XILOSA X 15 G,SI
354,D(+) XILOSA,GRAMO,REACTIVOS QUIMICOS,1,25,1,SI,,,,NO
355,YODO METALICO O YODO SUBLIMADO Q.P,GRAMO,REACTIVOS QUIMICOS,1,50,1,SI,357600020294,GRAMO,YODO METALICO Q.P. X 1 G,SI
356,YODURO DE POTASIO P.A,GRAMO,REACTIVOS QUIMICOS,1,300,1,SI,351000023975,UNIDAD,YODURO DE POTASIO P.A. X 500 G,SI
357,AGUJAS ENTOMOLOGICAS # 1 (ALFILER ENTOMOLOGICO),CAJA X 100,MATERIALES DE LABORATORIO,1,2,1,SI,512000280002,UNIDAD,ALFILER ENTOMOLOGICO Nº 1 X 100,SI
358,AGUJAS ENTOMOLOGICAS # 2 (ALFILER ENTOMOLOGICO),CAJA X 100,MATERIALES DE LABORATORIO,1,2,1,SI,512000281462,UNIDAD,ALFILER ENTOMOLOGICO Nº 2 X 100,SI
359,AGUJAS HIPODERMICAS N° 21,CAJA X 100,MATERIALES DE LABORATORIO,1,2,1,SI,495700030024,UNIDAD,AGUJA HIPODERMICA DESCARTABLE Nº 21 G X 1 1/2 IN,SI
360,AGUJAS HIPODERMICAS Nº 18 ,CAJA X 100,MATERIALES DE LABORATORIO,1,2,1,SI,495700030033,UNIDAD,AGUJA HIPODERMICA DESCARTABLE Nº 18 G X 1 1/2 IN,SI
361,AGUJAS HIPODERMICAS Nº 20,CAJA X 100,MATERIALES DE LABORATORIO,1,2,1,SI,512000281657,UNIDAD,AGUJA N° 20 X100,SI
362,ALGODON HIDROFILO ,KILOGRAMO,MATERIALES DE LABORATORIO,0.5,2,0.5,SI,495700070005,UNIDAD,ALGODON HIDROFILO X 500 G,SI
363,ASA DE SIEMBRA DE NICRON (ALAMBRE DE NICROM),UNIDAD,MATERIALES DE LABORATORIO,1,10,1,SI,512000281092,UNIDAD,ASA DE SIEMBRA DE NICRON 1 UL,SI
364,BAGUETA DE VIDRIO (VARILLA DE AGITACION),UNIDAD,MATERIALES DE LABORATORIO,1,10,1,SI,511000151167,UNIDAD,BAGUETA DE VIDRIO,SI
365,BALON DE FONDO PLANO 1000 ML,UNIDAD,MATERIALES DE LABORATORIO,1,4,1,SI,512000281683,UNIDAD,BALON DE FONDO PLANO 1000ML,SI
366,BALON DE FONDO PLANO 500 ML,UNIDAD,MATERIALES DE LABORATORIO,1,4,1,SI,511000010075,UNIDAD,BALON DE FONDO PLANO 500 ML,SI
367,BANDEJAS PLASTICAS (33X23X5 CM),UNIDAD,MATERIALES DE LABORATORIO,1,4,1,SI,,,,NO
368,BANDEJAS PLASTICAS (25X18X4 CM),UNIDAD,MATERIALES DE LABORATORIO,1,4,1,SI,,,,NO
369,BANDEJAS DE METAL (31X21X4;5 CM),UNIDAD,MATERIALES DE LABORATORIO,1,4,1,SI,,,,NO
370,VASO DE PRECIPITADO (BEAKER) DE VIDRIO 10 ML,UNIDAD,MATERIALES DE LABORATORIO,1,6,1,SI,511000081371,UNIDAD,BEAKER / VASO DE PRECIPITACIÓN 10 ML,SI
371,VASO DE PRECIPITADO (BEAKER) DE VIDRIO 25 ML,UNIDAD,MATERIALES DE LABORATORIO,1,6,1,SI,511000081373,UNIDAD,BEAKER / VASO DE PRECIPITACIÓN 25 ML,SI
372,VASO DE PRECIPITADO (BEAKER) DE VIDRIO 50 ML,UNIDAD,MATERIALES DE LABORATORIO,1,6,1,SI,512000320048,UNIDAD,VASO DE PRECIPITADOS DE VIDRIO 50 ML,SI
373,VASO DE PRECIPITADO (BEAKER) DE VIDRIO 100 ML,UNIDAD,MATERIALES DE LABORATORIO,1,6,1,SI,511000081372,UNIDAD,BEAKER / VASO DE PRECIPITACIÓN 100 ML,SI
374,VASO DE PRECIPITADO (BEAKER) DE VIDRIO 250 ML,UNIDAD,MATERIALES DE LABORATORIO,1,6,1,SI,512000320167,UNIDAD,VASO DE PRECIPITACION POR 250 ML,SI
375,VASO DE PRECIPITADO (BEAKER) DE VIDRIO 500 ML,UNIDAD,MATERIALES DE LABORATORIO,1,4,1,SI,,,,NO
376,VASO DE PRECIPITADO (BEAKER) DE VIDRIO 600 ML,UNIDAD,MATERIALES DE LABORATORIO,1,4,1,SI,,,,NO
377,VASO DE PRECIPITADO (BEAKER) DE VIDRIO 1000 ML,UNIDAD,MATERIALES DE LABORATORIO,1,2,1,SI,511000081370,UNIDAD,BEAKER / VASO DE PRECIPITACIÓN 1000 ML,SI
378,BEAKER DE 500 ML (PLASTICO),UNIDAD,MATERIALES DE LABORATORIO,1,6,1,SI,512000320157,UNIDAD,VASO DE PRECIPITADOS DE POLIPROPILENO GRADUADO 500 ML,SI
379,BURETAS DE VIDRIO 25 ML,UNIDAD,MATERIALES DE LABORATORIO,1,6,1,SI,512000281741,UNIDAD,BURETA DE 25 ML,SI
380,BURETAS DE VIDRIO 50 ML  ,UNIDAD,MATERIALES DE LABORATORIO,1,6,1,SI,,,,NO
381,CAMARA NEUBAUER SIN ESPEJO,UNIDAD,MATERIALES DE LABORATORIO,1,6,1,SI,,,,NO
382,CAMARA NEUBAUER CON ESPEJO,UNIDAD,MATERIALES DE LABORATORIO,1,6,1,SI,,,,NO
383,CHUPONES (TETINA; GOMA),UNIDAD,MATERIALES DE LABORATORIO,1,10,1,SI,,,,NO
384,CHUPONES (TETINA; GOMA) PARA PIPETAS PASTEUR,UNIDAD,MATERIALES DE LABORATORIO,1,10,1,SI,,,,NO
385,CINTA DE PH EN TIRAS,UNIDAD,MATERIALES DE LABORATORIO,1,10,1,SI,512000060253,UNIDAD,CINTA DE PH,SI
386,CINTA INDICADOR DE PH EN CARRUSEL,UNIDAD,MATERIALES DE LABORATORIO,1,5,1,SI,,,,NO
387,CRIOVIALES CON TAPA ROSCA 2.0ML (NO ESTERILES),BOLSA X 100,MATERIALES DE LABORATORIO,1,2,1,SI,512000360048,UNIDAD,CRIOVIAL DE PLASTICO 2.0 ML CON TAPA ROSCA,SI
388,CRIOVIALES CON TAPA ROSCA 4.0ML (NO ESTERILES),BOLSA X 100,MATERIALES DE LABORATORIO,1,2,1,SI,512000360093,UNIDAD,CRIOVIAL DE PLÁSTICO 4.0 ML CON TAPA ROSCA X 100,SI
389,CRIOVIALES CON TAPA ROSCA 5.0ML (NO ESTERILES),BOLSA X 100,MATERIALES DE LABORATORIO,1,2,1,SI,,,,NO
390,CRIOVIALES CON TAPA ROSCA 2.0ML (ESTERILES),BOLSA X 100,MATERIALES DE LABORATORIO,1,2,1,SI,,,,NO
391,CRIOVIALES CON TAPA ROSCA 4.0ML (ESTERILES),BOLSA X 100,MATERIALES DE LABORATORIO,1,2,1,SI,,,,NO
392,CRIOVIALES CON TAPA ROSCA 5.0ML (ESTERILES),BOLSA X 100,MATERIALES DE LABORATORIO,1,2,1,SI,512000360079,UNIDAD,CRIOVIAL DE POLIPROPILENO ESTERIL 5 ML CON TAPA ROSCA,SI
393,EMBUDO DE VIDRIO DE DIAMETRO 75 MM VASTAGO LARGO,UNIDAD,MATERIALES DE LABORATORIO,1,5,1,SI,511000020137,UNIDAD,EMBUDO DE VIDRIO DE DIAMETRO 75 MM VASTAGO LARGO,SI
394,EMBUDO DE VIDRIO DE 50MM DE DIAMETRO,UNIDAD,MATERIALES DE LABORATORIO,1,5,1,SI,511000020170,UNIDAD,EMBUDO DE VIDRIO DE 50MM DE DIÁMETRO (UNIDAD),SI
395,EMBUDO DE VIDRIO DE 55MM DE DIAMETRO,UNIDAD,MATERIALES DE LABORATORIO,1,5,1,SI,511000020171,UNIDAD,EMBUDO DE VIDRIO DE 55MM DE DIÁMETRO (UNIDAD),SI
396,EMBUDO DE VIDRIO DE 80MM DE DIAMETRO,UNIDAD,MATERIALES DE LABORATORIO,1,5,1,SI,511000020169,UNIDAD,EMBUDO DE VIDRIO DIAMETRO 80 MM,SI
397,EMBUDO DE VIDRIO DE 100 MM DE DIAMETRO,UNIDAD,MATERIALES DE LABORATORIO,1,5,1,SI,511000020166,UNIDAD,EMBUDO DE VIDRIO DIAMETRO 100 MM,SI
398,EMBUDO DE VIDRIO DE 150MM DE DIAMETRO,UNIDAD,MATERIALES DE LABORATORIO,1,5,1,SI,511000020100,UNIDAD,EMBUDO DE VIDRIO DIAMETRO 150 MM,SI
399,EMBUDO DE PLASTICO CON VASTAGO LARGO ,UNIDAD,MATERIALES DE LABORATORIO,1,5,1,SI,,,,NO
400,EMBUDO DE PLASTICO DE 50MM DE DIAMETRO,UNIDAD,MATERIALES DE LABORATORIO,1,5,1,SI,,,,NO
401,EMBUDO DE PLASTICO DE 55MM DE DIAMETRO,UNIDAD,MATERIALES DE LABORATORIO,1,5,1,SI,,,,NO
402,EMBUDO DE PLASTICO DE 80MM DE DIAMETRO,UNIDAD,MATERIALES DE LABORATORIO,1,5,1,SI,,,,NO
403,EMBUDO DE PLASTICO DE 100 MM DE DIAMETRO,UNIDAD,MATERIALES DE LABORATORIO,1,5,1,SI,,,,NO
404,EMBUDO DE PLASTICO DE 150MM DE DIAMETRO,UNIDAD,MATERIALES DE LABORATORIO,1,5,1,SI,,,,NO
405,MATRAZ DE ERLENMEYER DE VIDRIO DE 50 ML,UNIDAD,MATERIALES DE LABORATORIO,1,6,1,SI,511000050117,UNIDAD,MATRAZ ERLENMEYER DE VIDRIO X 50 ML,SI
406,MATRAZ DE ERLENMEYER DE VIDRIO DE 100 ML,UNIDAD,MATERIALES DE LABORATORIO,1,6,1,SI,511000050034,UNIDAD,MATRAZ ERLENMEYER DE VIDRIO X 100 ML,SI
407,MATRAZ DE ERLENMEYER DE VIDRIO DE 250 ML,UNIDAD,MATERIALES DE LABORATORIO,1,6,1,SI,511000050032,UNIDAD,MATRAZ ERLENMEYER DE VIDRIO X 250 ML,SI
408,MATRAZ DE ERLENMEYER DE VIDRIO DE 500 ML,UNIDAD,MATERIALES DE LABORATORIO,1,6,1,SI,511000050134,UNIDAD,MATRAZ ERLENMEYER DE VIDRIO X 500 ML,SI
409,MATRAZ DE ERLENMEYER DE VIDRIO DE 1000 ML,UNIDAD,MATERIALES DE LABORATORIO,1,4,1,SI,511000050133,UNIDAD,MATRAZ ERLENMEYER DE VIDRIO X 1000 ML,SI
410,MATRAZ DE ERLENMEYER DE VIDRIO DE 5000 ML,UNIDAD,MATERIALES DE LABORATORIO,1,2,1,SI,511000050135,UNIDAD,MATRAZ ERLENMEYER DE VIDRIO X 5 L,SI
411,ESCOBILLA PARA MATRAZ ,UNIDAD,MATERIALES DE LABORATORIO,1,5,1,SI,512000130141,UNIDAD,ESCOBILLA PARA MATRAZ,SI
412,ESCOBILLA PARA PIPETAS 05 ML,UNIDAD,MATERIALES DE LABORATORIO,1,5,1,SI,512000130031,UNIDAD,ESCOBILLA PARA LAVAR PIPETA DE 5 ML,SI
413,ESCOBILLA PARA PIPETAS 10 ML,UNIDAD,MATERIALES DE LABORATORIO,1,5,1,SI,512000130029,UNIDAD,ESCOBILLA PARA LAVAR PIPETA DE 10 ML,SI
414,ESCOBILLA PARA PIPETAS 1ML,UNIDAD,MATERIALES DE LABORATORIO,1,5,1,SI,512000130028,UNIDAD,ESCOBILLA PARA LAVAR PIPETA DE 1 ML,SI
415,ESCOBILLA DE LIMPIEZA PARA PROBETA  GRADUADA DE 100 ML ,UNIDAD,MATERIALES DE LABORATORIO,1,5,1,SI,,,,NO
416,ESCOBILLA DE LIMPIEZA PARA PROBETA  GRADUADA DE 10 ML,UNIDAD,MATERIALES DE LABORATORIO,1,5,1,SI,,,,NO
417,ESCOBILLA DE LIMPIEZA PARA PROBETA  GRADUADA DE 1000 ML,UNIDAD,MATERIALES DE LABORATORIO,1,5,1,SI,512000130119,UNIDAD,ESCOBILLA DE CERDA PARA LAVAR PROBETA DE 1 L,SI
418,ESCOBILLA DE LIMPIEZA PARA PROBETA  GRADUADA DE 250 ML ,UNIDAD,MATERIALES DE LABORATORIO,1,5,1,SI,512000130009,UNIDAD,ESCOBILLA DE CERDA PARA LAVAR PROBETA DE 250 ML,SI
419,ESCOBILLA DE LIMPIEZA PARA PROBETA  GRADUADA DE 50 ML ,UNIDAD,MATERIALES DE LABORATORIO,1,5,1,SI,,,,NO
420,ESCOBILLA DE LIMPIEZA PARA PROBETA  GRADUADA DE 500 ML ,UNIDAD,MATERIALES DE LABORATORIO,1,5,1,SI,,,,NO
421,ESCOBILLA PARA TUBOS 10 X 75,UNIDAD,MATERIALES DE LABORATORIO,1,5,1,SI,512000130016,UNIDAD,ESCOBILLA DE NYLON PARA LAVAR TUBOS DE 10 MM X 75 MM,SI
422,ESCOBILLA PARA TUBOS 10 X 75 (UNIDAD),UNIDAD,MATERIALES DE LABORATORIO,1,5,1,SI,,,,NO
423,ESCOBILLA PARA TUBOS 13 X 100,UNIDAD,MATERIALES DE LABORATORIO,1,5,1,SI,512000130076,UNIDAD,ESCOBILLA PARA LAVAR TUBOS DE 13 MM X 100 MM,SI
424,ESCOBILLA PARA TUBOS 13 X 100 (UNIDAD),UNIDAD,MATERIALES DE LABORATORIO,1,5,1,SI,,,,NO
425,ESCOBILLA DE LIMPIEZA PARA TUBOS 10 X 75,UNIDAD,MATERIALES DE LABORATORIO,1,5,1,SI,,,,NO
426,ESCOBILLA DE LIMPIEZA PARA TUBOS 13 X 100,UNIDAD,MATERIALES DE LABORATORIO,1,5,1,SI,,,,NO
427,ESCOBILLA DE LIMPIEZA PARA TUBOS 15 X 125,UNIDAD,MATERIALES DE LABORATORIO,1,5,1,SI,512000130017,UNIDAD,ESCOBILLA DE NYLON PARA LAVAR TUBOS DE 15 MM X 125 MM,SI
428,ESCOBILLA DE LIMPIEZA PARA TUBOS 16 X 150,UNIDAD,MATERIALES DE LABORATORIO,1,5,1,SI,512000130077,UNIDAD,ESCOBILLA PARA LAVAR TUBOS DE 16 MM X 150 MM,SI
429,ESPARADRAPO,UNIDAD,MATERIALES DE LABORATORIO,1,5,1,SI,485700742636,UNIDAD,ESPARADRAPO,SI
430,ESPATULA DE ACERO INOXIDABLE CON MANGO DE MADERA 10 CM,UNIDAD,MATERIALES DE LABORATORIO,1,5,1,SI,511000150141,UNIDAD,ESPATULA DE ACERO INOXIDABLE CON MANGO DE MADERA 10 CM,SI
431,ESPATULA DE ACERO INOXIDABLE CON MANGO DE MADERA 15 CM,UNIDAD,MATERIALES DE LABORATORIO,1,5,1,SI,511000150994,UNIDAD,ESPATULA DE ACERO INOXIDABLE CON MANGO DE MADERA 15 CM,SI
432,ESPATULA DE DRIGALSKY,UNIDAD,MATERIALES DE LABORATORIO,1,5,1,SI,511000151215,UNIDAD,ESPATULA DRIGALSKI DE VIDRIO,SI
433,FRASCO DE VIDRIO DE 1000ML CON TAPA ROSCA DE BAQUELITA,UNIDAD,MATERIALES DE LABORATORIO,1,5,1,SI,512000150855,UNIDAD,FRASCO DE VIDRIO CON TAPA ROSCA 1000 ML,SI
434,FRASCO DE VIDRIO DE 250ML CON TAPA ROSCA DE BAQUELITA,UNIDAD,MATERIALES DE LABORATORIO,1,5,1,SI,512000150856,UNIDAD,FRASCO DE VIDRIO CON TAPA ROSCA 250 ML,SI
435,FRASCO DE VIDRIO DE 500ML CON TAPA ROSCA DE BAQUELITA,UNIDAD,MATERIALES DE LABORATORIO,1,5,1,SI,512000150857,UNIDAD,FRASCO DE VIDRIO CON TAPA ROSCA 500 ML,SI
436,GOTERO DE VIDRIO DE COLOR DE 100 ML ,UNIDAD,MATERIALES DE LABORATORIO,1,10,1,SI,512000150570,UNIDAD,FRASCO GOTERO DE VIDRIO X 100 ML,SI
437,GOTERO DE PLASTICO X 10 ML,UNIDAD,MATERIALES DE LABORATORIO,1,10,1,SI,512000150266,UNIDAD,FRASCO GOTERO DE PLASTICO X 10 ML,SI
438,GRADILLA  PLASTIFICADA PARA 48 TUBOS ,UNIDAD,MATERIALES DE LABORATORIO,1,10,1,SI,512000160235,UNIDAD,GRADILLA DE PLASTICO PARA 48 TUBOS,SI
439,GRADILLA  PLASTIFICADA PARA 18 TUBOS ,UNIDAD,MATERIALES DE LABORATORIO,1,10,1,SI,,,,NO
440,GRADILLA  PLASTIFICADA PARA 12 TUBOS ,UNIDAD,MATERIALES DE LABORATORIO,1,10,1,SI,512000160233,UNIDAD,GRADILLA DE PLASTICO PARA 12 TUBOS,SI
441,GUANTES DE JEBE TALLA S ,CAJA X 100,MATERIALES DE LABORATORIO,1,2,1,SI,,,,NO
442,GUANTES DE JEBE TALLA M ,CAJA X 100,MATERIALES DE LABORATORIO,1,2,1,SI,495700280018,UNIDAD,GUANTE PARA EXAMEN DESCARTABLE TALLA M X 100 ,SI
443,GUANTES DE JEBE TALLA L ,CAJA X 100,MATERIALES DE LABORATORIO,1,2,1,SI,495700280017,UNIDAD,GUANTE PARA EXAMEN DESCARTABLE TALLA L X 100 ,SI
444,GUANTES DE LATEX TALLA S ,CAJA X 100,MATERIALES DE LABORATORIO,1,2,1,SI,805000050265,CAJA,GUANTE DE LATEX PARA SEGURIDAD TALLA S,SI
445,GUANTES DE LATEX TALLA M ,CAJA X 100,MATERIALES DE LABORATORIO,1,2,1,SI,805000050264,CAJA,GUANTE DE LATEX PARA SEGURIDAD TALLA M,SI
446,GUANTES DE LATEX TALLA L ,CAJA X 100,MATERIALES DE LABORATORIO,1,2,1,SI,805000050266,CAJA,GUANTE DE LATEX PARA SEGURIDAD TALLA L,SI
447,GUANTES DE NITRILO TALLA S ,CAJA X 100,MATERIALES DE LABORATORIO,1,2,1,SI,805000050108,UNIDAD,GUANTE DE NITRILO TALLA S X 100,SI
448,GUANTES DE NITRILO TALLA M ,CAJA X 100,MATERIALES DE LABORATORIO,1,2,1,SI,511000150077,CAJA,GUANTES DE NITRILO TALLA M X 100,SI
449,GUANTES DE NITRILO TALLA L ,CAJA X 100,MATERIALES DE LABORATORIO,1,2,1,SI,511000150078,CAJA,GUANTES DE NITRILO TALLA L X 100,SI
450,GUANTES QUIRÚRGICOS ESTERILES TALLA S ,PAR,MATERIALES DE LABORATORIO,1,50,1,SI,495700290012,PAR,GUANTE QUIRURGICO ESTERIL DESCARTABLE Nº 5 1/2,SI
451,GUANTES QUIRÚRGICOS ESTERILES TALLA M ,PAR,MATERIALES DE LABORATORIO,1,50,1,SI,495700290002,PAR,GUANTE QUIRURGICO ESTERIL DESCARTABLE Nº 6 1/2,SI
452,GUANTES QUIRÚRGICOS ESTERILES TALLA L ,PAR,MATERIALES DE LABORATORIO,1,50,1,SI,495700290006,PAR,GUANTE QUIRURGICO ESTERIL DESCARTABLE Nº 8 1/2,SI
453,HISOPO CON MANGO LARGO DE MADERA ,BOLSA X 100,MATERIALES DE LABORATORIO,1,3,1,SI,495700320061,UNIDAD,HISOPO DE ALGODON CON MANGO DE MADERA 6 IN X 100,SI
454,HOJA DE BISTURI N°10 ,CAJA X 100,MATERIALES DE LABORATORIO,1,3,1,SI,495700330064,CAJA,HOJA DE BISTURI DESCARTABLE Nº 10,SI
455,HOJA DE BISTURI N°11  ,CAJA X 100,MATERIALES DE LABORATORIO,1,3,1,SI,,,,NO
456,HOJA DE BISTURI N°22  ,CAJA X 100,MATERIALES DE LABORATORIO,1,3,1,SI,495700330001,UNIDAD,HOJA DE BISTURI DESCARTABLE Nº 22,SI
457,JABON LIQUIDO GERMICIDA,LITRO,MATERIALES DE LABORATORIO,1,3,1,SI,139200100090,UNIDAD,JABON GERMICIDA LIQUIDO X 1 L,SI
458,JERINGA DE TUBERCULINA ESTERILES ,CAJA X 100,MATERIALES DE LABORATORIO,1,2,1,SI,495700350389,UNIDAD,JERINGA DE TUBERCULINA,SI
459,JERINGAS ESTERILES X 10ML-DESCARTABLES,CAJA X 100,MATERIALES DE LABORATORIO,1,2,1,SI,495700350381,UNIDAD,"JERINGA DESCARTABLE 10 ML X 100 
DETALLE: ESTERILES",SI
460,KITASATO DE VIDRIO DE 1000 ML,UNIDAD,MATERIALES DE LABORATORIO,1,3,1,SI,511000050133,UNIDAD,MATRAZ KITASATO DE VIDRIO X 1000 ML,SI
461,KITASATO DE VIDRIO DE 500 ML ,UNIDAD,MATERIALES DE LABORATORIO,1,3,1,SI,511000050134,UNIDAD,MATRAZ KITASATO DE VIDRIO X 500 ML,SI
462,KITASATO DE PLASTICO DE 1000 ML,UNIDAD,MATERIALES DE LABORATORIO,1,3,1,SI,,,,NO
463,KITASATO DE PLASTICO DE 500 ML ,UNIDAD,MATERIALES DE LABORATORIO,1,3,1,SI,,,,NO
464,LAMINA CUBREOBJETOS (22X22)  ,CAJA X 100,MATERIALES DE LABORATORIO,1,5,1,SI,512000180002,UNIDAD,LAMINILLA CUBRE OBJETO 22 MM X 22 MM X 100,SI
465,LAMINA CUBREOBJETOS (22X40)  ,CAJA X 100,MATERIALES DE LABORATORIO,1,5,1,SI,512000180136,UNIDAD,LAMINILLA CUBRE OBJETO 22 MM X 40 MM X 100,SI
466,LAMINA EXCAVADAS DE 12 CAVIDADES ,UNIDAD,MATERIALES DE LABORATORIO,1,10,1,SI,512000180142,UNIDAD,LAMINA EXCAVADA 76 MM X 60 MM X 3 MM DE 12 POCILLOS,SI
467,LAMINA MONOEXCAVADAS ,UNIDAD,MATERIALES DE LABORATORIO,1,10,1,SI,512000180191,UNIDAD,LÁMINA PORTA OBJETO 1 MM X 25 MM X 75 MM DE 1 POCILLO,SI
468,LAMINAS PORTAOBJETO,CAJA X 50,MATERIALES DE LABORATORIO,1,10,1,SI,512000180037,UNIDAD,LAMINA PORTA OBJETO 25 MM X 75 MM X 50,SI
469,LIGADURAS PARA SANGRIA,UNIDAD,MATERIALES DE LABORATORIO,1,10,1,SI,512000281465,UNIDAD,LIGADURA PLANA PARA EXTRACCION DE SANGRE DE 45 CM APROX.,SI
470,LUNA DE RELOJ  DE 50 MM,UNIDAD,MATERIALES DE LABORATORIO,1,10,1,SI,,,,NO
471,LUNA DE RELOJ  DE 60 MM,UNIDAD,MATERIALES DE LABORATORIO,1,10,1,SI,,,,NO
472,LUNA DE RELOJ  DE 70 MM,UNIDAD,MATERIALES DE LABORATORIO,1,10,1,SI,,,,NO
473,LUNA DE RELOJ  DE 80 MM,UNIDAD,MATERIALES DE LABORATORIO,1,10,1,SI,,,,NO
474,LUNA DE RELOJ  DE 100 MM,UNIDAD,MATERIALES DE LABORATORIO,1,10,1,SI,,,,NO
475,MANGO DE ASA KOLLE,UNIDAD,MATERIALES DE LABORATORIO,1,10,1,SI,511000150288,UNIDAD,MANGO DE ASA KOLLE,SI
476,MARCADORES DE VIDRIO,UNIDAD,MATERIALES DE LABORATORIO,1,5,1,SI,,,,NO
477,MASCARILLAS SIMPLES,CAJA X 50,MATERIALES DE LABORATORIO,1,2,1,SI,495700410088,UNIDAD,MASCARILLA DESCARTABLE BLANCA X 50,SI
478,MECHERO DE ALCOHOL,UNIDAD,MATERIALES DE LABORATORIO,1,5,1,SI,511000090010,UNIDAD,MECHERO DE VIDRIO DE ALCOHOL,SI
479,MICROPIPETA AUTOMATICA DE RANGO FIJO 10 UL,UNIDAD,MATERIALES DE LABORATORIO,1,3,1,SI,,,,NO
480,MICROPIPETA AUTOMATICA DE RANGO FIJO 100 UL,UNIDAD,MATERIALES DE LABORATORIO,1,3,1,SI,,,,NO
481,MICROPIPETA AUTOMATICA DE RANGO FIJO 1000 UL,UNIDAD,MATERIALES DE LABORATORIO,1,3,1,SI,,,,NO
482,MICROPIPETA AUTOMATICA DE RANGO FIJO 20 UL,UNIDAD,MATERIALES DE LABORATORIO,1,3,1,SI,,,,NO
483,MICROPIPETA AUTOMATICA DE RANGO FIJO 200 UL,UNIDAD,MATERIALES DE LABORATORIO,1,3,1,SI,,,,NO
484,MICROPIPETA AUTOMATICA DE RANGO FIJO 5 UL,UNIDAD,MATERIALES DE LABORATORIO,1,3,1,SI,,,,NO
485,MICROPIPETA AUTOMATICA DE RANGO FIJO 50 UL,UNIDAD,MATERIALES DE LABORATORIO,1,3,1,SI,,,,NO
486,MICROPIPETA AUTOMATICA DE RANGO VARIABLE 0.5 A 10 UL,UNIDAD,MATERIALES DE LABORATORIO,1,3,1,SI,,,,NO
487,MICROPIPETA AUTOMATICA DE RANGO VARIABLE 0.1 A 2.5 UL,UNIDAD,MATERIALES DE LABORATORIO,1,3,1,SI,,,,NO
488,MICROPIPETA AUTOMATICA DE RANGO VARIABLE 1000-5000 UL,UNIDAD,MATERIALES DE LABORATORIO,1,3,1,SI,,,,NO
489,MICROPIPETA AUTOMATICA DE RANGO VARIABLE 100-1000 UL,UNIDAD,MATERIALES DE LABORATORIO,1,3,1,SI,511000060447,UNIDAD,MICROPIPETA VOLUMEN VARIABLE 100 - 1000 µL,SI
490,MICROPIPETA AUTOMATICA DE RANGO VARIABLE 2 A 20 UL,UNIDAD,MATERIALES DE LABORATORIO,1,3,1,SI,,,,NO
491,MICROPIPETA AUTOMATICA DE RANGO VARIABLE 20-200 UL,UNIDAD,MATERIALES DE LABORATORIO,1,3,1,SI,511000060464,UNIDAD,MICROPIPETA VOLUMEN VARIABLE 20 µL - 200 µL,SI
492,MICROPIPETA AUTOMATICA DE RANGO VARIABLE 2-10ML,UNIDAD,MATERIALES DE LABORATORIO,1,3,1,SI,,,,NO
493,MICROPIPETA AUTOMATICA DE RANGO VARIABLE 5-50 UL,UNIDAD,MATERIALES DE LABORATORIO,1,3,1,SI,,,,NO
494,MICROPIPETA MULTICANAL DE 8 CANALES DE RANGO VARIABLE 0.5-10,UNIDAD,MATERIALES DE LABORATORIO,1,2,1,SI,,,,NO
495,MICROPIPETA MULTICANAL DE 8 CANALES DE RANGO VARIABLE 50-300 UL,UNIDAD,MATERIALES DE LABORATORIO,1,2,1,SI,,,,NO
496,MICROPIPETA MULTICANAL DE 8 CANALES DE RANGO VARIABLE 5-50 UL,UNIDAD,MATERIALES DE LABORATORIO,1,2,1,SI,,,,NO
497,MORTERO DE PORCELANA CON PILON DE 80MM,UNIDAD,MATERIALES DE LABORATORIO,1,5,1,SI,511000170041,UNIDAD,MORTERO DE PORCELANA,SI
498,PAPEL ALUMINIO GRUESO,ROLLO,MATERIALES DE LABORATORIO,1,5,1,SI,512000210318,UNIDAD,PAPEL DE ALUMINIO 30 CM X 24 M,SI
499,PAPEL KRAFT,PLIEGO,MATERIALES DE LABORATORIO,1,5,1,SI,717200080048,UNIDAD,PAPEL KRAFT 60 G 60 CM X 90 CM,SI
500,PAPEL FILTRO PARA ANALISIS CUANTITATIVO DE 125 MM (FILTRACION LENTA) = EQUIVALENTE A WATMAN N°42,CAJA X 100,MATERIALES DE LABORATORIO,1,2,1,SI,512000210222,UNIDAD,PAPEL FILTRO DE FIBRA DE VIDRIO TIPO WHATMAN GF/F Nº 42 DE 12.5 CM DE DIAMETRO X 100,SI
501,PAPEL FILTRO CURSO RAPIDO DE 45 CM X 45 CM,CAJA X 100,MATERIALES DE LABORATORIO,1,2,1,SI,,,,NO
502,PAPEL LENTE  (BLOCK X 100),CAJA X 100,MATERIALES DE LABORATORIO,1,2,1,SI,512000210195,UNIDAD,PAPEL LENTE TIPO TISSUE PARA MICROSCOPIO X 100 HOJAS,SI
503,PARAFILM 4 x 250 (10 CM X 75 M)),ROLLO,MATERIALES DE LABORATORIO,1,2,1,SI,512000281677,ROLLO,PARAFILM,SI
504,PINZA DE MADERA (UNIDAD),UNIDAD,MATERIALES DE LABORATORIO,1,5,1,SI,511000150453,UNIDAD,PINZA DE MADERA PARA TUBOS DE PRUEBA,SI
505,PINZA DE RELOJERO PUNTA FINA ,UNIDAD,MATERIALES DE LABORATORIO,1,5,1,SI,511000200014,UNIDAD,PINZA DE RELOJERO PLANO,SI
506,PINZA HEMOSTATICA ,UNIDAD,MATERIALES DE LABORATORIO,1,5,1,SI,495100092654,UNIDAD,PINZA HEMOSTATICA 14 CM,SI
507,PIPETA DE VIDRIO GRADUADA 1 ML,UNIDAD,MATERIALES DE LABORATORIO,1,10,1,SI,317500170011,UNIDAD,PIPETA VIDRIO DE 1 ML GRADUADA,SI
508,PIPETA DE VIDRIO GRADUADA 2 ML,UNIDAD,MATERIALES DE LABORATORIO,1,10,1,SI,317500170010,UNIDAD,PIPETA VIDRIO DE 2 ML GRADUADA,SI
509,PIPETA DE VIDRIO GRADUADA 5 ML,UNIDAD,MATERIALES DE LABORATORIO,1,10,1,SI,317500170009,UNIDAD,PIPETA VIDRIO DE 5 ML GRADUADA,SI
510,PIPETA DE VIDRIO GRADUADA 10 ML,UNIDAD,MATERIALES DE LABORATORIO,1,10,1,SI,511000060719,UNIDAD,PIPETA DE VIDRIO GRADUADA 10 ML,SI
511,PIPETA DE VIDRIO GRADUADA 20 ML,UNIDAD,MATERIALES DE LABORATORIO,1,10,1,SI,,,,NO
512,PIPETA DE VIDRIO GRADUADA 25 ML,UNIDAD,MATERIALES DE LABORATORIO,1,10,1,SI,,,,NO
513,PIPETA PASTEUR PLASTICO,UNIDAD,MATERIALES DE LABORATORIO,1,10,1,SI,511000060804,UNIDAD,PIPETA PASTEUR DE PLASTICO DESCARTABLE,SI
514,PIPETA PASTEUR VIDRIO ,UNIDAD,MATERIALES DE LABORATORIO,1,10,1,SI,511000060773,UNIDAD,PIPETA PASTEUR DE VIDRIO,SI
515,PIPETA SEROLOGICA GRADUADA 1 ML,UNIDAD,MATERIALES DE LABORATORIO,1,10,1,SI,511000060679,UNIDAD,PIPETA SEROLOGICA DE VIDRIO 1 ML,SI
516,PIPETAS SEROLOGICAS GRADUADAS 10 ML,UNIDAD,MATERIALES DE LABORATORIO,1,10,1,SI,511000060828,UNIDAD,PIPETA SEROLOGICA DE VIDRIO 10 ML,SI
517,PIPETAS SEROLOGICAS GRADUADAS 5 ML ,UNIDAD,MATERIALES DE LABORATORIO,1,10,1,SI,511000060829,UNIDAD,PIPETA SEROLOGICA DE VIDRIO 5 ML,SI
518,PISCETA 250 ML ,UNIDAD,MATERIALES DE LABORATORIO,1,10,1,SI,,,,NO
519,PISCETA 500 ML ,UNIDAD,MATERIALES DE LABORATORIO,1,10,1,SI,,,,NO
520,PLACA DE TOQUES DE PORCELANA 12 CAVIDADES,UNIDAD,MATERIALES DE LABORATORIO,1,10,1,SI,512000220236,UNIDAD,PLACA DE PORCELANA EXCAVADA DE 12 POZOS,SI
521,PLACAS PETRI ESTERILES DE PLASTICO 15 X 100 MM,UNIDAD,MATERIALES DE LABORATORIO,1,10,1,SI,512000220366,UNIDAD,"PLACA PETRI DE PLASTICO DESCARTABLE 15 MM X 100 MM
DETALLE (ESTERILES)",SI
522,PLACAS PETRI VIDRIO 15 X 100 MM ,UNIDAD,MATERIALES DE LABORATORIO,1,10,1,SI,512000220304,UNIDAD,PLACA PETRI DE VIDRIO 15 MM X 100 MM,SI
523,PLACAS PETRI VIDRIO 150 X 30 MM,UNIDAD,MATERIALES DE LABORATORIO,1,10,1,SI,512000220315,UNIDAD,PLACA PETRI DE VIDRIO REFRACTARIO 15 MM X 30 MM,SI
524,PROBETA GRADUADA DE 10 ML  (UNIDAD),UNIDAD,MATERIALES DE LABORATORIO,1,10,1,SI,,,,NO
525,PROBETA GRADUADA DE 100 ML  (UNIDAD),UNIDAD,MATERIALES DE LABORATORIO,1,10,1,SI,,,,NO
526,PROBETA GRADUADA DE PLASTICO DE 1000 ML (UNIDAD),UNIDAD,MATERIALES DE LABORATORIO,1,10,1,SI,,,,NO
527,PROBETA GRADUADA DE 250 ML  (UNIDAD),UNIDAD,MATERIALES DE LABORATORIO,1,10,1,SI,,,,NO
528,PROBETA GRADUADA DE 50 ML  (UNIDAD),UNIDAD,MATERIALES DE LABORATORIO,1,10,1,SI,,,,NO
529,PROBETA GRADUADA DE 500 ML  (UNIDAD),UNIDAD,MATERIALES DE LABORATORIO,1,10,1,SI,,,,NO
530,PROBETA GRADUADA DE 10 ML (VIDRIO),UNIDAD,MATERIALES DE LABORATORIO,1,10,1,SI,511000070052,UNIDAD,PROBETA DE VIDRIO GRADUADA 10 ML,SI
531,PROBETA GRADUADA DE 100 ML (VIDRIO),UNIDAD,MATERIALES DE LABORATORIO,1,10,1,SI,511000070056,UNIDAD,PROBETA DE VIDRIO GRADUADA 100 ML,SI
532,PROBETA GRADUADA DE 1000 ML (VIDRIO),UNIDAD,MATERIALES DE LABORATORIO,1,10,1,SI,,,,NO
533,PROBETA GRADUADA DE 1000 ML (PLASTICO),UNIDAD,MATERIALES DE LABORATORIO,1,10,1,SI,511000070106,UNIDAD,PROBETA GRADUADA DE POLIPROPILENO 1000 ML,SI
534,PROBETA GRADUADA DE 250 ML (VIDRIO),UNIDAD,MATERIALES DE LABORATORIO,1,10,1,SI,,,,NO
535,PROBETA GRADUADA DE 50 ML  (VIDRIO),UNIDAD,MATERIALES DE LABORATORIO,1,10,1,SI,,,,NO
536,PROBETA GRADUADA DE 500 ML (VIDRIO),UNIDAD,MATERIALES DE LABORATORIO,1,10,1,SI,,,,NO
537,PROPIPETAS PARA PIPETAS 1 - 2 ML ,UNIDAD,MATERIALES DE LABORATORIO,1,10,1,SI,,,,NO
538,PROPIPETAS PARA PIPETAS 5 - 10 ML ,UNIDAD,MATERIALES DE LABORATORIO,1,10,1,SI,,,,NO
539,PUNTAS (TIPS) DE 10 µL (TIPS UNIVERSAL TRANSPARENTE),BOLSA X 1000,MATERIALES DE LABORATORIO,1,5,1,SI,,,,NO
540,PUNTAS (TIPS) DE 1-1000 µL (TIPS AZUL),BOLSA X 500,MATERIALES DE LABORATORIO,1,5,1,SI,,,,NO
541,PUNTAS (TIPS) DE 0-200 µL (TIPS AMARIILOS),BOLSA X 1000,MATERIALES DE LABORATORIO,1,5,1,SI,,,,NO
542,SOPORTE UNIVERSAL,UNIDAD,MATERIALES DE LABORATORIO,1,2,1,SI,512000281716,UNIDAD,SOPORTE UNIVERSAL,SI
543,TERMOMETROS (-10 +110 ºC) ,UNIDAD,MATERIALES DE LABORATORIO,1,2,1,SI,511000110067,UNIDAD,TERMOMETRO DE VIDRIO RANGO -10ºC A 100ºC,SI
544,TIJERA DE DISECCION PUNTA FINA,UNIDAD,MATERIALES DE LABORATORIO,1,5,1,SI,512000281666,UNIDAD,TIJERA DE ACERO DE PUNTA FINA,SI
545,TIJERA DE DISECCION PUNTA RECTA,UNIDAD,MATERIALES DE LABORATORIO,1,5,1,SI,495100110007,UNIDAD,TIJERA PUNTA RECTA DE ACERO QUIRURGICO 14 CM,SI
546,TUBO DE ENSAYO 10X75 MM (UNIDAD),UNIDAD,MATERIALES DE LABORATORIO,1,50,1,SI,511000081290,UNIDAD,TUBO DE ENSAYO DE VIDRIO 10 MM X 75 MM,SI
547,TUBO DE ENSAYO 12X75 MM (UNIDAD),UNIDAD,MATERIALES DE LABORATORIO,1,50,1,SI,511000080315,UNIDAD,TUBO DE ENSAYO DE VIDRIO 12 MM X 75 MM,SI
548,TUBO DE ENSAYO 13X100 MM (UNIDAD),UNIDAD,MATERIALES DE LABORATORIO,1,50,1,SI,511000080316,UNIDAD,TUBO DE ENSAYO DE VIDRIO 13 MM X 100 MM,SI
549,TUBO DE ENSAYO 16X150 MM (UNIDAD),UNIDAD,MATERIALES DE LABORATORIO,1,50,1,SI,511000080533,UNIDAD,TUBO DE ENSAYO DE VIDRIO 16 MM X 150 MM,SI
550,TUBO DE ENSAYO 22X150 MM  (UNIDAD),UNIDAD,MATERIALES DE LABORATORIO,1,50,1,SI,,,,NO
551,TUBO CONICO DE 15 ML CON TAPA ROSCA ,BOLSA X 50,MATERIALES DE LABORATORIO,1,2,1,SI,511000080684,UNIDAD,TUBO CENTRIFUGA DE PLASTICO; FONDO CONICO X 15 ML DETALLE: TAPA ROSCA,SI
552,TUBO CONICO DE 50 ML CON TAPA ROSCA ,BOLSA X 50,MATERIALES DE LABORATORIO,1,2,1,SI,511000080685,UNIDAD,TUBO CENTRIFUGA DE PLASTICO; FONDO CONICO X 50 ML DETALLE: TAPA ROSCA,SI
553,2-NITROPHENYL B-D-GALACTOPYRANOSIDE > 98% (ENZYMATIC-SIGMA) ,GRAMO,REACTIVOS QUIMICOS,1,3,1,SI,,,,NO
554,TUBO DURHAM 50MM,UNIDAD,MATERIALES DE LABORATORIO,1,100,1,SI,511000081303,UNIDAD,TUBO DURHAM,SI
555,TUBO DE MICROCENTRIFUGA AMBAR DE 1.5 ML (POLIPROPILENO),BOLSA X 500,MATERIALES DE LABORATORIO,1,3,1,SI,,,,NO
556,TUBO DE MICROCENTRIFUGA DE 1.5 ML (POLIPROPILENO) COLOR NATURAL,BOLSA X 500,MATERIALES DE LABORATORIO,1,3,1,SI,511000080914,UNIDAD,MICROTUBO DE PLASTICO PARA MICROCENTRIFUGA CON TAPA X 1.5 ML,SI
557,TUBO MICROCENTRIFUGA DE 5 ML (ESTERIL),BOLSA X 100,MATERIALES DE LABORATORIO,1,3,1,SI,,,,NO
558,TUBO DE MICROCENTRIFUGA 0.6 ML COLOR NATURAL (TUBO EPPENDORF),BOLSA X 500,MATERIALES DE LABORATORIO,1,3,1,SI,,,,NO
559,FRASCO COPLIN PARA 10 LAMINAS HORIZONTAL CON ASA METALICA,UNIDAD,MATERIALES DE LABORATORIO,1,2,1,SI,,,,NO