1,Agujas entomológicas # 1 ,Caja x 100,MATERIALES DE LABORATORIO,1,2,1
2,Agujas entomológicas # 2 ,Caja x 100,MATERIALES DE LABORATORIO,1,2,1
3,Agujas n°18 ,Caja x 100,MATERIALES DE LABORATORIO,1,2,1
4,Agujas n°20,Caja x 100,MATERIALES DE LABORATORIO,1,2,1
5,Algodón medicinal,Kilogramo,MATERIALES DE LABORATORIO,0.1,3,0.1
6,Algodón hidrófilo ,Gramo,MATERIALES DE LABORATORIO,0.5,2,0.5
7,Asas de siembra con mango de kolle (metaloop) ,Unidad,MATERIALES DE LABORATORIO,1,5,1
8,Bandejas plasticas (50x30x11 cm),Unidad,MATERIALES DE LABORATORIO,1,6,1
9,Bandejas plasticas (45x30x11 cm),Unidad,MATERIALES DE LABORATORIO,1,6,1
10,Baguetas ,Unidad,MATERIALES DE LABORATORIO,1,10,1
11,Balón de fondo plano de 1 litro ,Unidad,MATERIALES DE LABORATORIO,1,5,1
12,Balón de fondo plano de 500ml,Unidad,MATERIALES DE LABORATORIO,1,5,1
13,Beaker / vaso de precipitación 10 ml,Unidad,MATERIALES DE LABORATORIO,1,5,1
14,Beaker / vaso de precipitación 100 ml,Unidad,MATERIALES DE LABORATORIO,1,5,1
15,Beaker / vaso de precipitación 1000 ml,Unidad,MATERIALES DE LABORATORIO,1,5,1
16,Beaker / vaso de precipitación 25 ml,Unidad,MATERIALES DE LABORATORIO,1,5,1
17,Beaker / vaso de precipitación 250 ml,Unidad,MATERIALES DE LABORATORIO,1,5,1
18,Beaker / vaso de precipitación 50 ml,Unidad,MATERIALES DE LABORATORIO,1,5,1
19,Beaker / vaso de precipitación 500 ml,Unidad,MATERIALES DE LABORATORIO,1,5,1
20,Beaker / vaso de precipitación 600 ml,Unidad,MATERIALES DE LABORATORIO,1,5,1
21,Bebederos,Unidad,MATERIALES DE LABORATORIO,1,5,1
22,Buretas de 25 ml  ,Unidad,MATERIALES DE LABORATORIO,1,5,1
23,Cámara neubauer ,Unidad,MATERIALES DE LABORATORIO,1,5,1
24,Chupones para pipetas Pasteur,Unidad,MATERIALES DE LABORATORIO,1,2,1
25,Cinta de ph en tiras,Unidad,MATERIALES DE LABORATORIO,1,100,1
26,Crioviales con tapa rosca 1.0ml,Unidad,MATERIALES DE LABORATORIO,1,2,1
27,Crioviales con tapa rosca 2.0ml,Bolsa x 100,MATERIALES DE LABORATORIO,1,2,1
28,Crioviales con tapa rosca 4.0ml,Bolsa x 100,MATERIALES DE LABORATORIO,1,2,1
29,Crioviales con tapa rosca 5.0ml ,Bolsa x 100,MATERIALES DE LABORATORIO,1,2,1
30,Embudo de vidrio  ,Unidad,MATERIALES DE LABORATORIO,1,10,1
31,Embudo de vidrio con vástago largo ,Unidad,MATERIALES DE LABORATORIO,1,10,1
32,Embudo de vidrio de 100mm de diámetro ,Unidad,MATERIALES DE LABORATORIO,1,10,1
33,Embudo de vidrio de 150mm de diámetro,Unidad,MATERIALES DE LABORATORIO,1,10,1
34,Embudo de vidrio de 50mm de diámetro,Unidad,MATERIALES DE LABORATORIO,1,10,1
35,Embudo de vidrio de 55mm de diámetro,Unidad,MATERIALES DE LABORATORIO,1,10,1
36,Embudo de vidrio de 80mm de diámetro,Unidad,MATERIALES DE LABORATORIO,1,10,1
37,Erlemeyer o matraz 100 ml,Unidad,MATERIALES DE LABORATORIO,1,10,1
38,Erlemeyer o matraz 1000 ml,Unidad,MATERIALES DE LABORATORIO,1,10,1
39,Erlemeyer o matraz 25 ml,Unidad,MATERIALES DE LABORATORIO,1,10,1
40,Erlemeyer o matraz 250 ml,Unidad,MATERIALES DE LABORATORIO,1,10,1
41,Erlemeyer o matraz 50 ml,Unidad,MATERIALES DE LABORATORIO,1,10,1
42,Erlemeyer o matraz 500 ml,Unidad,MATERIALES DE LABORATORIO,1,10,1
43,Erlemeyer o matraz 5000 ml,Unidad,MATERIALES DE LABORATORIO,1,10,1
44,Escobilla para matraz ,Unidad,MATERIALES DE LABORATORIO,1,10,1
45,Escobilla para pipetas 05 ml,Unidad,MATERIALES DE LABORATORIO,1,10,1
46,Escobilla para pipetas 10 ml,Unidad,MATERIALES DE LABORATORIO,1,10,1
47,Escobilla para pipetas 1ml,Unidad,MATERIALES DE LABORATORIO,1,10,1
48,Escobilla para probeta graduada de 10 ml ,Unidad,MATERIALES DE LABORATORIO,1,10,1
49,Escobilla para probeta  graduada de 100 ml ,Unidad,MATERIALES DE LABORATORIO,1,10,1
50,Escobilla para probeta graduada de 1000 ml ,Unidad,MATERIALES DE LABORATORIO,1,10,1
51,Escobilla para probeta graduada de 250 ml ,Unidad,MATERIALES DE LABORATORIO,1,10,1
52,Escobilla para probeta graduada de 50 ml ,Unidad,MATERIALES DE LABORATORIO,1,10,1
53,Escobilla para probeta graduada de 500 ml ,Unidad,MATERIALES DE LABORATORIO,1,10,1
54,Escobilla para tubos 10 x 75,Unidad,MATERIALES DE LABORATORIO,1,10,1
55,Escobilla para tubos 13 x 100,Unidad,MATERIALES DE LABORATORIO,1,10,1
56,Escobilla para tubos 15 x 125,Unidad,MATERIALES DE LABORATORIO,1,10,1
57,Escobilla para tubos 16 x 150,Unidad,MATERIALES DE LABORATORIO,1,10,1
58,Escobilla para matraces,Unidad,MATERIALES DE LABORATORIO,1,10,1
59,Esparadrapo,Caja 1x10ydasx12cortes,MATERIALES DE LABORATORIO,1,2,1
60,Espátula de acero para pesos gruesos,Unidad,MATERIALES DE LABORATORIO,1,5,1
61,Espátula de acero para pesos livianos,Unidad,MATERIALES DE LABORATORIO,1,5,1
62,Espátula de drigalsky,Unidad,MATERIALES DE LABORATORIO,1,5,1
63,Filtros de membrana de nitrocelulosa,Unidad,MATERIALES DE LABORATORIO,1,5,1
64,Filtros de celulosa 0.20u; 20 mm,Unidad,MATERIALES DE LABORATORIO,1,5,1
65,Filtros de celulosa 0.45u; 20 mm,Unidad,MATERIALES DE LABORATORIO,1,5,1
66,Frasco de vidrio de 1000ml con tapa rosca de baquelita,Unidad,MATERIALES DE LABORATORIO,1,5,1
67,Frasco de vidrio de 250ml con tapa rosca de baquelita,Unidad,MATERIALES DE LABORATORIO,1,5,1
68,Frasco de vidrio de 500ml con tapa rosca de baquelita,Unidad,MATERIALES DE LABORATORIO,1,5,1
69,Frasco goteros de 100 ml ,Unidad,MATERIALES DE LABORATORIO,1,5,1
70,Frasco tapa rosca de 250 ml con tapa rosca de baquelita,Unidad,MATERIALES DE LABORATORIO,1,5,1
71,Gotero de plástico ,Unidad,MATERIALES DE LABORATORIO,1,5,1
72,Gotero de vidrio,Unidad,MATERIALES DE LABORATORIO,1,5,1
73,Gradilla ,Unidad x 48 hoyos,MATERIALES DE LABORATORIO,1,10,1
74,Guantes de jebe talla L ,Caja x 100 unidades,MATERIALES DE LABORATORIO,1,2,1
75,Guantes de jebe talla M ,Caja x 100 unidades,MATERIALES DE LABORATORIO,1,2,1
76,Guantes de jebe talla S ,Caja x 100 unidades,MATERIALES DE LABORATORIO,1,2,1
77,Guantes de látex talla L ,Caja x 100 unidades,MATERIALES DE LABORATORIO,1,2,1
78,Guantes de látex talla M ,Caja x 100 unidades,MATERIALES DE LABORATORIO,1,2,1
79,Guantes de látex talla S ,Caja x 100 unidades,MATERIALES DE LABORATORIO,1,2,1
80,Guantes de nitrilo talla L ,Caja x 100 unidades,MATERIALES DE LABORATORIO,1,2,1
81,Guantes de nitrilo talla M ,Caja x 100 unidades,MATERIALES DE LABORATORIO,1,2,1
82,Guantes de nitrilo talla S ,Caja x 100 unidades,MATERIALES DE LABORATORIO,1,2,1
83,Guantes quirúrgicos esteriles talla L ,Par,MATERIALES DE LABORATORIO,1,50,1
84,Guantes quirúrgicos esteriles talla M ,Par,MATERIALES DE LABORATORIO,1,50,1
85,Guantes quirúrgicos esteriles talla S ,Par,MATERIALES DE LABORATORIO,1,50,1
86,Hisopo con mango largo de madera ,Bolsa x 100,MATERIALES DE LABORATORIO,1,3,1
87,Hoja de bisturí n°11  ,Caja x 100,MATERIALES DE LABORATORIO,1,2,1
88,Hoja de bisturí n°22  ,Caja x 100,MATERIALES DE LABORATORIO,1,2,1
89,Hoja de bisturí n°10 ,Caja x 100,MATERIALES DE LABORATORIO,1,2,1
90,Indicador de PH panpha (4-12),Caja x 100,MATERIALES DE LABORATORIO,1,2,1
91,Jabón líquido germicida,Litro,MATERIALES DE LABORATORIO,1,3,1
92,Jeringa de tuberculina estériles ,Caja x 100,MATERIALES DE LABORATORIO,1,2,1
93,Jeringa de vidrio 50 ml,Unidad,MATERIALES DE LABORATORIO,1,20,1
94,Jeringas estériles x 10ml-descartables,Caja x 100,MATERIALES DE LABORATORIO,1,2,1
95,Jeringas estériles x 5ml-descartables,Caja x 100,MATERIALES DE LABORATORIO,1,2,1
96,Kitasato de 500 ml ,Unidad,MATERIALES DE LABORATORIO,1,3,1
97,Lamina cubreobjetos (22x22)  ,Caja x 100,MATERIALES DE LABORATORIO,1,2,1
98,Lamina cubreobjetos (22x40)  ,Caja x 100,MATERIALES DE LABORATORIO,1,2,1
99,Lamina monoexcavadas ,Caja x 12,MATERIALES DE LABORATORIO,1,2,1
100,Lamina excavadas de 12 pocillos ,Unidad,MATERIALES DE LABORATORIO,1,20,1
101,Laminas portaobjeto,Caja x 50,MATERIALES DE LABORATORIO,1,3,1
102,Ligaduras para sangría,Unidad,MATERIALES DE LABORATORIO,1,10,1
103,Luna de reloj / en observaciones especificar el numero,Unidad,MATERIALES DE LABORATORIO,1,5,1
104,Mango de bisturí n° 4 ,Unidad,MATERIALES DE LABORATORIO,1,5,1
105,Marcadores de vidrio,Unidad,MATERIALES DE LABORATORIO,1,5,1
106,Mascarillas ,Caja x 50,MATERIALES DE LABORATORIO,1,2,1
107,Matraz erlenmeyer de 125 ml,Unidad,MATERIALES DE LABORATORIO,1,5,1
108,Matraz tipo balón de 500 ml,Unidad,MATERIALES DE LABORATORIO,1,5,1
109,Mechero de alcohol,Unidad,MATERIALES DE LABORATORIO,1,5,1
110,Micro tubos de  1.5 ml,Unidad,MATERIALES DE LABORATORIO,1,5,1
111,Micropipeta automática 0.1-10 µl,Unidad,MATERIALES DE LABORATORIO,1,5,1
112,Micropipeta automática 0.1-2 µl,Unidad,MATERIALES DE LABORATORIO,1,5,1
113,Micropipeta automática 100-1000 µl,Unidad,MATERIALES DE LABORATORIO,1,5,1
114,Micropipeta automática 10-100 µl,Unidad,MATERIALES DE LABORATORIO,1,5,1
115,Micropipeta automática 20-200 µl,Unidad,MATERIALES DE LABORATORIO,1,5,1
116,Mortero de porcelana con pilon de 80mm,Unidad,MATERIALES DE LABORATORIO,1,5,1
117,Papel aluminio grueso,Rollo,MATERIALES DE LABORATORIO,1,5,1
118,Papel craft,Pliego,MATERIALES DE LABORATORIO,1,5,1
119,Papel filtro (paso lento)  / en observaciones especificar el numero,Caja x 100,MATERIALES DE LABORATORIO,1,3,1
120,Papel filtro (paso rápido)  / en observaciones especificar el numero,Caja x 100,MATERIALES DE LABORATORIO,1,3,1
121,Papel filtro Whatman nº 1 ,Caja x 100 ,MATERIALES DE LABORATORIO,1,3,1
122,Papel Kraft,Unidad,MATERIALES DE LABORATORIO,1,10,1
123,Papel lente ,Block x 100,MATERIALES DE LABORATORIO,1,5,1
124,Parafilm ,Rollo,MATERIALES DE LABORATORIO,1,5,1
125,Pinza de madera,Unidad,MATERIALES DE LABORATORIO,1,5,1
126,Pinza de Mohr,Unidad,MATERIALES DE LABORATORIO,1,5,1
127,Pinza de punta plana 20 cm ,Unidad,MATERIALES DE LABORATORIO,1,5,1
128,Pinza de relojero punta fina ,Unidad,MATERIALES DE LABORATORIO,1,5,1
129,Pinza dientes de ratón,Unidad,MATERIALES DE LABORATORIO,1,5,1
130,Pinza hemostática ,Unidad,MATERIALES DE LABORATORIO,1,5,1
131,Pipeta de 01 ml,Unidad,MATERIALES DE LABORATORIO,1,15,1
132,Pipeta de 02 ml,Unidad,MATERIALES DE LABORATORIO,1,15,1
133,Pipeta de 05 ml,Unidad,MATERIALES DE LABORATORIO,1,15,1
134,Pipeta de 10 ml ,Unidad,MATERIALES DE LABORATORIO,1,15,1
135,Pipeta Pasteur plástico,Unidad,MATERIALES DE LABORATORIO,1,15,1
136,Pipeta Pasteur vidrio ,Unidad,MATERIALES DE LABORATORIO,1,15,1
137,Pipetas serológicas graduadas 1 ml,Unidad,MATERIALES DE LABORATORIO,1,15,1
138,Pipetas serológicas graduadas 10 ml,Unidad,MATERIALES DE LABORATORIO,1,15,1
139,Pipetas serológicas graduadas 5 ml  ,Unidad,MATERIALES DE LABORATORIO,1,15,1
140,Pisceta 250 ml ,Unidad,MATERIALES DE LABORATORIO,1,15,1
141,Pisceta 500 ml ,Unidad,MATERIALES DE LABORATORIO,1,15,1
142,Placa de cultivo Falcon 2.5 cm,Unidad,MATERIALES DE LABORATORIO,1,10,1
143,Placa de toques de porcelana 12 cavidades,Unidad,MATERIALES DE LABORATORIO,1,50,1
144,Placas petri plástico 15 x 100 mm ,Unidad,MATERIALES DE LABORATORIO,1,50,1
145,Placas petri plástico 150 x 30 mm ,Unidad,MATERIALES DE LABORATORIO,1,50,1
146,Placas petri vidrio 10 x 100 mm ,Unidad,MATERIALES DE LABORATORIO,1,50,1
147,Placas petri vidrio 15 x 100 mm ,Unidad,MATERIALES DE LABORATORIO,1,50,1
148,Placas petri vidrio 150 x 30 mm,Unidad,MATERIALES DE LABORATORIO,1,50,1
149,Probeta graduada de 10 ml ,Unidad,MATERIALES DE LABORATORIO,1,10,1
150,Probeta graduada de 100 ml ,Unidad,MATERIALES DE LABORATORIO,1,10,1
151,Probeta graduada de 1000 ml ,Unidad,MATERIALES DE LABORATORIO,1,10,1
152,Probeta graduada de 250 ml ,Unidad,MATERIALES DE LABORATORIO,1,10,1
153,Probeta graduada de 50 ml ,Unidad,MATERIALES DE LABORATORIO,1,10,1
154,Probeta graduada de 500 ml ,Unidad,MATERIALES DE LABORATORIO,1,10,1
155,Propipetas ,Unidad,MATERIALES DE LABORATORIO,1,10,1
156,Puntas descartables para micropipetas (20-200 µl) ,Bolsa x 1000,MATERIALES DE LABORATORIO,1,2,1
157,Termometros (-10 +110 ºc) ,Unidad,MATERIALES DE LABORATORIO,1,5,1
158,Tijera de punta fina,Unidad,MATERIALES DE LABORATORIO,1,5,1
159,Tijera de punta recta ,Unidad,MATERIALES DE LABORATORIO,1,5,1
160,Tips 10 µl ,Bolsa x 1000,MATERIALES DE LABORATORIO,1,2,1
161,Tips 1000 µl,Bolsa x 1000,MATERIALES DE LABORATORIO,1,2,1
162,Tips 200 µl ,Bolsa x 500,MATERIALES DE LABORATORIO,1,2,1
163,Tubo de ensayo 10x65 mm ,Unidad,MATERIALES DE LABORATORIO,1,50,1
164,Tubo de ensayo 10x75 mm,Unidad,MATERIALES DE LABORATORIO,1,50,1
165,Tubo de ensayo 12x75 mm,Unidad,MATERIALES DE LABORATORIO,1,50,1
166,Tubo de ensayo 13x100 mm,Unidad,MATERIALES DE LABORATORIO,1,50,1
167,Tubo de ensayo 15x125 mm,Unidad,MATERIALES DE LABORATORIO,1,50,1
168,Tubo de ensayo 15x75 mm,Unidad,MATERIALES DE LABORATORIO,1,50,1
169,Tubo de ensayo 16x150 mm,Unidad,MATERIALES DE LABORATORIO,1,50,1
170,Tubo de ensayo 22x150 mm ,Unidad,MATERIALES DE LABORATORIO,1,50,1
171,Tubo de ensayo cónico descartable de 15ml con tapa rosca ,Bolsa x 50,MATERIALES DE LABORATORIO,1,50,1
172,Tubo de ensayo cónicos descartable de 50ml con tapa rosca ,Racks x 25 ,MATERIALES DE LABORATORIO,1,50,1
173,Tubos de 13x100 mm con tapa de rosca  ,Unidad,MATERIALES DE LABORATORIO,1,50,1
174,Tubos de 16x150 mm con tapa rosca ,Unidad,MATERIALES DE LABORATORIO,1,50,1
175,Tubos de 16x150mm con tapa rosca,Unidad,MATERIALES DE LABORATORIO,1,50,1
176,Tubos de centrífuga 1 (5ml) ,Unidad,MATERIALES DE LABORATORIO,1,50,1
177,Tubos durham,Unidad,MATERIALES DE LABORATORIO,1,50,1
178,Tubos eppendorf de 1.5ml,Bolsa x 500,MATERIALES DE LABORATORIO,1,2,1
179,Vial con tapa rosca,Unidad,MATERIALES DE LABORATORIO,1,50,1
180,Viales eppendorff,Unidad,MATERIALES DE LABORATORIO,1,50,1
181,Urinómetros pediatricos,Unidad,MATERIALES DE LABORATORIO,1,6,1
182,Aceite de inmersión,Mililitro,REACTIVOS QUIMICOS,1,50,1
183,Acetamida ,Gramo,REACTIVOS QUIMICOS,1,100,1
184,Acetato de etilo - BF.SUNAT,Mililitro,REACTIVOS QUIMICOS,1,2000,1
185,Acetato de plomo,Gramo,REACTIVOS QUIMICOS,1,1000,1
186,Acetato de sodio ,Gramo,REACTIVOS QUIMICOS,1,1000,1
187,Acetilcolina,Gramo,REACTIVOS QUIMICOS,1,200,1
188,Acetona - BF.SUNAT,Mililitro,REACTIVOS QUIMICOS,1,2000,1
189,Ácido  3 indol acético (AIA) ,Gramo,REACTIVOS QUIMICOS,1,1000,1
190,Ácido  bórico ,Gramo,REACTIVOS QUIMICOS,1,1000,1
191,Ácido  láctico ,Mililitro,REACTIVOS QUIMICOS,1,100,1
192,Ácido  nalidixidico ,Miligramo,REACTIVOS QUIMICOS,1,20,1
193,Ácido  oxalico ,Gramo,REACTIVOS QUIMICOS,1,1000,1
194,Ácido  periódico ,Gramo,REACTIVOS QUIMICOS,1,1000,1
195,Ácido  pícrico (en polvo) ,Gramo,REACTIVOS QUIMICOS,1,1000,1
196,Ácido  propionico,Mililitro,REACTIVOS QUIMICOS,1,1000,1
197,Ácido acético glacial ,Mililitro,REACTIVOS QUIMICOS,1,2000,1
198,Ácido clorhídrico - BF.SUNAT,Mililitro,REACTIVOS QUIMICOS,1,2000,1
199,Acido formico,Mililitro,REACTIVOS QUIMICOS,1,2000,1
200,Ácido nítrico - BF.SUNAT,Mililitro,REACTIVOS QUIMICOS,1,2000,1
201,Ácido pícrico solucion al 1%,Mililitro,REACTIVOS QUIMICOS,1,1000,1
202,Ácido pirogálico ,Gramo,REACTIVOS QUIMICOS,1,1000,1
203,Ácido sulfúrico - BF.SUNAT,Mililitro,REACTIVOS QUIMICOS,1,2000,1
204,Ácido tánico ,Gramo,REACTIVOS QUIMICOS,1,1000,1
205,Adenina ,Gramo,REACTIVOS QUIMICOS,1,1000,1
206,Agar Agar,Gramo,REACTIVOS QUIMICOS,1,2000,1
207,Agar anaeróbico de brewer ,Gramo,REACTIVOS QUIMICOS,1,1000,1
208,Agar baird parker ,Gramo,REACTIVOS QUIMICOS,1,1000,1
209,Agar base para sangre ,Gramo,REACTIVOS QUIMICOS,1,1000,1
210,Agar base urea ,Gramo,REACTIVOS QUIMICOS,1,1000,1
211,Agar BHI / agar infusión cerebro corazón,Gramo,REACTIVOS QUIMICOS,1,1000,1
212,Agar bilis esculina ,Gramo,REACTIVOS QUIMICOS,1,1000,1
213,Agar cetrimide ,Gramo,REACTIVOS QUIMICOS,1,1000,1
214,Agar citrato de simmons ,Gramo,REACTIVOS QUIMICOS,1,1000,1
215,Agar czapek,Gramo,REACTIVOS QUIMICOS,1,1000,1
216,Agar DNA ,Gramo,REACTIVOS QUIMICOS,1,1000,1
217,Agar EMB / agar eosina azul de metileno ,Gramo,REACTIVOS QUIMICOS,1,1000,1
218,Agar LIA / agar lisina hierro ,Gramo,REACTIVOS QUIMICOS,1,1000,1
219,Agar Mac Conkey ,Gramo,REACTIVOS QUIMICOS,1,1000,1
220,Agar manitol salado  ,Gramo,REACTIVOS QUIMICOS,1,1000,1
221,Agar Mann Rogosa Sharpe ,Gramo,REACTIVOS QUIMICOS,1,1000,1
222,Agar Muller Hinton ,Gramo,REACTIVOS QUIMICOS,1,1000,1
223,Agar noble ,Gramo,REACTIVOS QUIMICOS,1,1000,1
224,Agar nutritivo ,Gramo,REACTIVOS QUIMICOS,1,1000,1
225,Agar papa dextrosa ,Gramo,REACTIVOS QUIMICOS,1,1000,1
226,Agar plate count ,Gramo,REACTIVOS QUIMICOS,1,1000,1
227,Agar sabouraud glucosado ,Gramo,REACTIVOS QUIMICOS,1,1000,1
228,Agar selectivo para b. Cereus ,Gramo,REACTIVOS QUIMICOS,1,1000,1
229,Agar SIM ,Gramo,REACTIVOS QUIMICOS,1,1000,1
230,Agar SPS ,Gramo,REACTIVOS QUIMICOS,1,1000,1
231,Agar SS / agar salmonella shigella  ,Gramo,REACTIVOS QUIMICOS,1,1000,1
232,Agar sulfito de bismuto ,Gramo,REACTIVOS QUIMICOS,1,1000,1
233,Agar TCBS ,Gramo,REACTIVOS QUIMICOS,1,1000,1
234,Agar tributirina ,Gramo,REACTIVOS QUIMICOS,1,1000,1
235,Agar tripticasa soya o tsa ,Gramo,REACTIVOS QUIMICOS,1,1000,1
236,Agar TSI ,Gramo,REACTIVOS QUIMICOS,1,1000,1
237,Agar VRBA ,Gramo,REACTIVOS QUIMICOS,1,1000,1
238,Agar XLD ,Gramo,REACTIVOS QUIMICOS,1,1000,1
239,Agarosa ,Gramo,REACTIVOS QUIMICOS,1,1000,1
240,Agarosa tipo III (electroforesis adn) ,Gramo,REACTIVOS QUIMICOS,1,1000,1
241,Agua destilada ,Litro,REACTIVOS QUIMICOS,1,10,1
242,Agua ultrapura ,Litro,REACTIVOS QUIMICOS,1,10,1
243,Alcohol acetona,Litro,REACTIVOS QUIMICOS,1,10,1
244,Alcohol amílico ,Mililitro,REACTIVOS QUIMICOS,1,10,1
245,Alcohol corriente / alcohol etílico 96o ,Litro,REACTIVOS QUIMICOS,1,30,1
246,Alcohol etílico 70º ,Litro,REACTIVOS QUIMICOS,1,10,1
247,Alcohol etílico absoluto / etanol  absoluto ,Litro,REACTIVOS QUIMICOS,1,15,1
248,Alcohol isoamilico ,Litro,REACTIVOS QUIMICOS,1,10,1
249,Alcohol isopropilico ,Litro,REACTIVOS QUIMICOS,1,10,1
250,Alcohol metílico / metanol absoluto- bf. Produce,Mililitro,REACTIVOS QUIMICOS,1,10,1
251,Almidón soluble ,Mililitro,REACTIVOS QUIMICOS,1,1000,1
252,Aminoácido  hipoxantina    ,Gramo,REACTIVOS QUIMICOS,1,1000,1
253,Aminoácido alanina    ,Gramo,REACTIVOS QUIMICOS,1,1000,1
254,Aminoácido arginina    ,Gramo,REACTIVOS QUIMICOS,1,1000,1
255,Aminoácido leucina    ,Gramo,REACTIVOS QUIMICOS,1,1000,1
256,Aminoácido prolina    ,Gramo,REACTIVOS QUIMICOS,1,1000,1
257,Aminoácido treonina    ,Gramo,REACTIVOS QUIMICOS,1,1000,1
258,Aminoácido valina    ,Gramo,REACTIVOS QUIMICOS,1,1000,1
259,Ampicilina ,Gramo,REACTIVOS QUIMICOS,1,1000,1
260,Anaranjado de metilo ,Gramo,REACTIVOS QUIMICOS,1,1000,1
261,Antibiótico (en discos de sensibilidad) ácido nalidíxico  ,Frasco x 50 unidades,REACTIVOS QUIMICOS,1,4,1
262,Antibiótico (en discos de sensibilidad) amoxicilina  ,Frasco x 50 unidades,REACTIVOS QUIMICOS,1,4,1
263,Antibiótico (en discos de sensibilidad) amoxicilina-ac. Clavulánico  ,Frasco x 50 unidades,REACTIVOS QUIMICOS,1,4,1
264,Antibiótico (en discos de sensibilidad) ampicilina  ,Frasco x 50 unidades,REACTIVOS QUIMICOS,1,4,1
265,Antibiótico (en discos de sensibilidad) ceftazidima  ,Frasco x 50 unidades,REACTIVOS QUIMICOS,1,4,1
266,Antibiótico (en discos de sensibilidad) ceftazidima-ac. Clavulánico  ,Frasco x 50 unidades,REACTIVOS QUIMICOS,1,4,1
267,Antibiótico (en discos de sensibilidad) ceftriaxona  ,Frasco x 50 unidades,REACTIVOS QUIMICOS,1,4,1
268,Antibiótico (en discos de sensibilidad) ceftriaxona-ac. Clavulánico  ,Frasco x 50 unidades,REACTIVOS QUIMICOS,1,4,1
269,Antibiótico (en discos de sensibilidad) cloramfenicol  ,Frasco x 50 unidades,REACTIVOS QUIMICOS,1,4,1
270,Antibiótico (en discos de sensibilidad) eritromicina  ,Frasco x 50 unidades,REACTIVOS QUIMICOS,1,4,1
271,Antibiótico (en discos de sensibilidad) estreptomicina  ,Frasco x 50 unidades,REACTIVOS QUIMICOS,1,4,1
272,Antibiótico (en discos de sensibilidad) furazolidona  ,Frasco x 50 unidades,REACTIVOS QUIMICOS,1,4,1
273,Antibiótico (en discos de sensibilidad) gentamicina  ,Frasco x 50 unidades,REACTIVOS QUIMICOS,1,4,1
274,Antibiótico (en discos de sensibilidad) novobiocina  ,Frasco x 50 unidades,REACTIVOS QUIMICOS,1,4,1
275,Antibiótico (en discos de sensibilidad) optoquina  ,Frasco x 50 unidades,REACTIVOS QUIMICOS,1,4,1
276,Antibiótico (en discos de sensibilidad) penicilina  ,Frasco x 50 unidades,REACTIVOS QUIMICOS,1,4,1
277,Antibiótico (en discos de sensibilidad) vancomicina  ,Frasco x 50 unidades,REACTIVOS QUIMICOS,1,4,1
278,Antrona,Gramo,REACTIVOS QUIMICOS,1,1000,1
279,Arabinosa ,Gramo,REACTIVOS QUIMICOS,1,1000,1
280,Asparagina ,Gramo,REACTIVOS QUIMICOS,1,1000,1
281,Azida de sodio ,Gramo,REACTIVOS QUIMICOS,1,1000,1
282,Azul brillante de coomasie ,Gramo,REACTIVOS QUIMICOS,1,1000,1
283,Azul de bromotimol ,Gramo,REACTIVOS QUIMICOS,1,1000,1
284,Azul de lactofenol ,Mililitro,REACTIVOS QUIMICOS,1,100,1
285,Azul de metileno ,Gramo,REACTIVOS QUIMICOS,1,1000,1
286,Azul de toluidina ,Gramo,REACTIVOS QUIMICOS,1,1000,1
287,Azul de tripan ,Gramo,REACTIVOS QUIMICOS,1,1000,1
288,Bálsamo de canada ,Mililitro,REACTIVOS QUIMICOS,1,500,1
289,Bicarbonato de sodio ,Gramo,REACTIVOS QUIMICOS,1,1000,1
290,Bicarbonato de sodio dibásico,Gramo,REACTIVOS QUIMICOS,1,1000,1
291,Bicarbonato de sodio mono básico,Gramo,REACTIVOS QUIMICOS,1,1000,1
292,BI-Cloruro de magnesio,Gramo,REACTIVOS QUIMICOS,1,1000,1
293,Bis-acrilamida ,Mililitro,REACTIVOS QUIMICOS,1,250,1
294,Caldo azida glucosa  ,Gramo,REACTIVOS QUIMICOS,1,1000,1
295,Caldo BHI / caldo infusión cerebro corazón ,Gramo,REACTIVOS QUIMICOS,1,1000,1
296,Caldo brila ó verde brillante ,Gramo,REACTIVOS QUIMICOS,1,1000,1
297,Caldo EC ,Gramo,REACTIVOS QUIMICOS,1,1000,1
298,Caldo Giolitti y Cantoni ,Gramo,REACTIVOS QUIMICOS,1,1000,1
299,Caldo GN (Gram Negativo) según Hajna,Gramo,REACTIVOS QUIMICOS,1,1000,1
300,Caldo lactosado ,Gramo,REACTIVOS QUIMICOS,1,1000,1
301,Caldo lauril sulfato o lauril triptosa ,Gramo,REACTIVOS QUIMICOS,1,1000,1
302,Caldo luria bertani,Gramo,REACTIVOS QUIMICOS,1,1000,1
303,Caldo MRVP ,Gramo,REACTIVOS QUIMICOS,1,1000,1
304,Caldo nitrato,Gramo,REACTIVOS QUIMICOS,1,1000,1
305,Caldo nutritivo,Gramo,REACTIVOS QUIMICOS,1,1000,1
306,Caldo púrpura de bromocresol ,Gramo,REACTIVOS QUIMICOS,1,1000,1
307,Caldo selenito f ,Gramo,REACTIVOS QUIMICOS,1,1000,1
308,Caldo tetrationato ,Gramo,REACTIVOS QUIMICOS,1,1000,1
309,Caldo tioglicolato ,Gramo,REACTIVOS QUIMICOS,1,1000,1
310,Caldo tripticasa soya o TSB ,Gramo,REACTIVOS QUIMICOS,1,1000,1
311,Caldo triptosa fosfato ,Gramo,REACTIVOS QUIMICOS,1,1000,1
312,Carbon activado ,Gramo,REACTIVOS QUIMICOS,1,3000,1
313,Carbonato de sodio anhidro,Gramo,REACTIVOS QUIMICOS,1,1000,1
314,Carboximetil celulosa ,Gramo,REACTIVOS QUIMICOS,1,1000,1
315,Carmin ,Gramo,REACTIVOS QUIMICOS,1,750,1
316,Caseina,Gramo,REACTIVOS QUIMICOS,1,1000,1
317,Celulasa,Gramo,REACTIVOS QUIMICOS,1,1000,1
318,Citrato de amonio férrico ,Gramo,REACTIVOS QUIMICOS,1,1000,1
319,Citrato de sodio ,Gramo,REACTIVOS QUIMICOS,1,1000,1
320,Cloroformo ,Litro,REACTIVOS QUIMICOS,1,10,1
321,Cloruro de amonio - BF.SUNAT,Gramo,REACTIVOS QUIMICOS,1,1000,1
322,Cloruro de bario,Gramo,REACTIVOS QUIMICOS,1,1000,1
323,Cloruro de calcio ,Gramo,REACTIVOS QUIMICOS,1,1000,1
324,Cloruro de calcio anhidro ,Gramo,REACTIVOS QUIMICOS,1,1000,1
325,Cloruro de calcio di hidratado - CaCl2.2H2O,Gramo,REACTIVOS QUIMICOS,1,1000,1
326,Cloruro de magnesio ,Gramo,REACTIVOS QUIMICOS,1,1000,1
327,Cloruro de magnesio 6 aguas - MgCl2 + 6H2O,Gramo,REACTIVOS QUIMICOS,1,1000,1
328,Cloruro de potasio ,Gramo,REACTIVOS QUIMICOS,1,1000,1
329,Cloruro de potasio- KCl,Gramo,REACTIVOS QUIMICOS,1,1000,1
330,Cloruro de sodio ,Gramo,REACTIVOS QUIMICOS,1,1000,1
331,Cloruro férrico,Gramo,REACTIVOS QUIMICOS,1,1000,1
332,Colchicina,Gramo,REACTIVOS QUIMICOS,1,1000,1
333,Creosota ,Mililitro,REACTIVOS QUIMICOS,1,500,1
334,Cristal violeta ,Gramo,REACTIVOS QUIMICOS,1,1000,1
335,Cromomicina A3 (CMA3) Sigma-Aldrich,Miligramo,REACTIVOS QUIMICOS,1,200,1
336,Diclorometano,Mililitro,REACTIVOS QUIMICOS,1,250,1
337,Dioxicolato de sodio,Gramo,REACTIVOS QUIMICOS,1,100,1
338,DNASA ,Unidad,REACTIVOS QUIMICOS,1,100,1
339,Dodecil sulfato de sodio ,Gramo,REACTIVOS QUIMICOS,1,1000,1
340,EDTA ,Gramo,REACTIVOS QUIMICOS,1,1000,1
341,Entellan ,Mililitro,REACTIVOS QUIMICOS,1,5000,1
342,Enzima TAQ ADN polimerasa ( 5U/µl) ,Unidad,REACTIVOS QUIMICOS,1,50,1
343,Eosina amarillenta,Gramo,REACTIVOS QUIMICOS,1,1000,1
344,Eosina Y,Gramo,REACTIVOS QUIMICOS,1,1000,1
345,Epinefrina 1%,Mililitro,REACTIVOS QUIMICOS,1,5,1
346,Eritromicina ,Gramo,REACTIVOS QUIMICOS,1,1000,1
347,Eter Dietilico Absoluto,Mililitro,REACTIVOS QUIMICOS,1,1000,1
348,Extracto de carne ,Gramo,REACTIVOS QUIMICOS,1,1000,1
349,Extracto de levadura ,Gramo,REACTIVOS QUIMICOS,1,1000,1
350,Extracto de malta ,Gramo,REACTIVOS QUIMICOS,1,1000,1
351,Fenilalanina ,Gramo,REACTIVOS QUIMICOS,1,1000,1
352,Fenol,Mililitro,REACTIVOS QUIMICOS,1,3000,1
353,Fenol cristalizado / Ácido  fénico ,Gramo,REACTIVOS QUIMICOS,1,1000,1
354,Fenolftaleína ,Gramo,REACTIVOS QUIMICOS,1,1000,1
355,Fijador de bouin alcoholico,Mililitro,REACTIVOS QUIMICOS,1,250,1
356,Formaldehido ,Mililitro,REACTIVOS QUIMICOS,1,250,1
357,Formamida,Mililitro,REACTIVOS QUIMICOS,1,3000,1
358,Formol 40%,Litro,REACTIVOS QUIMICOS,1,30,1
359,Fosfato ácido de potasio,Gramo,REACTIVOS QUIMICOS,1,2000,1
360,Fosfato de potasio K2HPO4,Gramo,REACTIVOS QUIMICOS,1,1000,1
361,Fosfato dibásico de potasio K2HPO4,Gramo,REACTIVOS QUIMICOS,1,1000,1
362,Fosfato dibásico de sodio hidratado ,Gramo,REACTIVOS QUIMICOS,1,1000,1
363,Fosfato monobásico de sodio,Gramo,REACTIVOS QUIMICOS,1,1000,1
364,Fructosa,Gramo,REACTIVOS QUIMICOS,1,1000,1
365,Fucsina ácida ,Gramo,REACTIVOS QUIMICOS,1,1000,1
366,Fucsina basica ,Gramo,REACTIVOS QUIMICOS,1,1000,1
367,Furazolidona ,Gramo,REACTIVOS QUIMICOS,1,1000,1
368,Galactosa ,Gramo,REACTIVOS QUIMICOS,1,1000,1
369,Giemsa ,Gramo,REACTIVOS QUIMICOS,1,1000,1
370,Glicerina,Litro,REACTIVOS QUIMICOS,1,5,1
371,Glicina ,Gramo,REACTIVOS QUIMICOS,1,1000,1
372,Glucosa o dextrosa anhidra q.p. ,Gramo,REACTIVOS QUIMICOS,1,1000,1
373,Hematoxilina ,Gramo,REACTIVOS QUIMICOS,1,150,1
374,Hepes ,Gramo,REACTIVOS QUIMICOS,1,1000,1
375,Hidrato de cloral ,Gramo,REACTIVOS QUIMICOS,1,1000,1
376,Hidroquinona ,Gramo,REACTIVOS QUIMICOS,1,1000,1
377,Hidroxido de bario,Gramo,REACTIVOS QUIMICOS,1,2000,1
378,Hidroxido de potasio ,Gramo,REACTIVOS QUIMICOS,1,1000,1
379,Hidroxido de sodio ,Gramo,REACTIVOS QUIMICOS,1,1000,1
380,Hiroxido de sodio en grageas ,Gramo,REACTIVOS QUIMICOS,1,2000,1
381,Histidina ,Gramo,REACTIVOS QUIMICOS,1,1000,1
382,Ioduro de potasio ,Gramo,REACTIVOS QUIMICOS,1,1000,1
383,Ketalar,Frasco x 50 ml,REACTIVOS QUIMICOS,1,5,1
384,Kits de análisis de amonio,Kit,REACTIVOS QUIMICOS,1,2,1
385,Kits de análisis de nitratos,Kit,REACTIVOS QUIMICOS,1,2,1
386,Kits de análisis de nitritos,Kit,REACTIVOS QUIMICOS,1,2,1
387,Lactosa ,Gramo,REACTIVOS QUIMICOS,1,1000,1
388,Lidocaina,Frasco x 50 ml,REACTIVOS QUIMICOS,1,5,1
389,Lugol ,Mililitro,REACTIVOS QUIMICOS,1,3000,1
390,Maltosa ,Gramo,REACTIVOS QUIMICOS,1,1000,1
391,Manitol ,Gramo,REACTIVOS QUIMICOS,1,1000,1
392,Medio esencial mínimo eagle ,Mililitro,REACTIVOS QUIMICOS,1,1000,1
393,Mercaptoetanol,Mililitro,REACTIVOS QUIMICOS,1,1000,1
394,Naftol,Gramo,REACTIVOS QUIMICOS,1,1000,1
395,Nitrato de calcio ,Gramo,REACTIVOS QUIMICOS,1,1000,1
396,Nitrato de plata ,Gramo,REACTIVOS QUIMICOS,1,1000,1
397,Nitrato de potasio,Gramo,REACTIVOS QUIMICOS,1,1000,1
398,Orceina ,Gramo,REACTIVOS QUIMICOS,1,750,1
399,Oxalato de amonio ,Gramo,REACTIVOS QUIMICOS,1,1000,1
400,Oxido de mercurio rojo,Gramo,REACTIVOS QUIMICOS,1,1000,1
401,Pancreatina,Gramo,REACTIVOS QUIMICOS,1,1000,1
402,Para-dimetil amino benzaldehido ,Gramo,REACTIVOS QUIMICOS,1,1000,1
403,Parafina liquida / vaselina líquida / aceite mineral ,Mililitro,REACTIVOS QUIMICOS,1,3000,1
404,Parafina solida,Gramo,REACTIVOS QUIMICOS,1,1000,1
405,Paraplast o Histoplast,Gramo,REACTIVOS QUIMICOS,500,3000,1
406,Pepsina,Gramo,REACTIVOS QUIMICOS,1,2000,1
407,Peptona de carne ,Gramo,REACTIVOS QUIMICOS,1,1000,1
408,Peptona de caseína ,Gramo,REACTIVOS QUIMICOS,1,1000,1
409,Peptona de soya ,Gramo,REACTIVOS QUIMICOS,1,1000,1
410,Permanganato de potasio - BF.SUNAT,Gramo,REACTIVOS QUIMICOS,1,1000,1
411,Piruvato de sodio ,Gramo,REACTIVOS QUIMICOS,1,1000,1
412,Prolina ,Gramo,REACTIVOS QUIMICOS,1,1000,1
413,Propanodiol ,Mililitro,REACTIVOS QUIMICOS,1,1000,1
414,Proteinasa K ,Miligramo,REACTIVOS QUIMICOS,1,500,1
415,Rafinosa ,Gramo,REACTIVOS QUIMICOS,1,1000,1
416,Reactivo de benedic,Mililitro,REACTIVOS QUIMICOS,1,1000,1
417,Reactivo de kovacs (para indol) - BF.SUNAT,Mililitro,REACTIVOS QUIMICOS,1,2000,1
418,Ribosa,Gramo,REACTIVOS QUIMICOS,1,1000,1
419,RNAsa,Mililitro,REACTIVOS QUIMICOS,1,1000,1
420,Rojo de alizarina ,Gramo,REACTIVOS QUIMICOS,1,1000,1
421,Rojo de clorofenol,Gramo,REACTIVOS QUIMICOS,1,1000,1
422,Rojo de congo,Gramo,REACTIVOS QUIMICOS,1,1000,1
423,Rojo de fenol ,Gramo,REACTIVOS QUIMICOS,1,1000,1
424,Rojo de metilo ,Gramo,REACTIVOS QUIMICOS,1,1000,1
425,Rojo neutro ,Gramo,REACTIVOS QUIMICOS,1,1000,1
426,Rosa bengala,Gramo,REACTIVOS QUIMICOS,1,1000,1
427,Sacarosa ,Gramo,REACTIVOS QUIMICOS,1,1000,1
428,Safranina ,Gramo,REACTIVOS QUIMICOS,1,1000,1
429,Sephadex ,Gramo,REACTIVOS QUIMICOS,1,1000,1
430,Serina ,Gramo,REACTIVOS QUIMICOS,1,1000,1
431,Silica gel 60 cromatografia,Gramo,REACTIVOS QUIMICOS,1,1000,1
432,Solución salina estéril ,Gramo,REACTIVOS QUIMICOS,1,1000,1
433,Sucrosa ,Gramo,REACTIVOS QUIMICOS,1,1000,1
434,Suero fetal de ternera,Mililitro,REACTIVOS QUIMICOS,1,5000,1
435,Sulfato de amonio ,Gramo,REACTIVOS QUIMICOS,1,1000,1
436,Sulfato de cobre H2O,Gramo,REACTIVOS QUIMICOS,1,1000,1
437,Sulfato de cobre heptahidratado,Gramo,REACTIVOS QUIMICOS,1,1000,1
438,Sulfato de cobre pentahidratado ,Gramo,REACTIVOS QUIMICOS,1,1000,1
439,Sulfato de hierro ,Gramo,REACTIVOS QUIMICOS,1,1000,1
440,Sulfato de magnesio ,Gramo,REACTIVOS QUIMICOS,1,1000,1
441,Sulfato de manganeso ,Gramo,REACTIVOS QUIMICOS,1,1000,1
442,Sulfato de potasio anhidro ,Gramo,REACTIVOS QUIMICOS,1,1000,1
443,Sulfato de zinc ,Gramo,REACTIVOS QUIMICOS,1,1000,1
444,Sulfato ferroso ,Gramo,REACTIVOS QUIMICOS,1,1000,1
445,Telurito de potasio ,Gramo,REACTIVOS QUIMICOS,1,1000,1
446,Temed ,Mililitro,REACTIVOS QUIMICOS,1,2000,1
447,Tetraoxido de osmio ,Gramo,REACTIVOS QUIMICOS,1,1000,1
448,Timina,Gramo,REACTIVOS QUIMICOS,1,1000,1
449,Tiroxina,Gramo,REACTIVOS QUIMICOS,1,100,1
450,Tripsina  DIFCO 1:250 ,Gramo,REACTIVOS QUIMICOS,1,1000,1
451,Triptofano ,Gramo,REACTIVOS QUIMICOS,1,1000,1
452,Triptona ,Gramo,REACTIVOS QUIMICOS,1,1000,1
453,Tris base ,Gramo,REACTIVOS QUIMICOS,1,1000,1
454,Triton ,Mililitro,REACTIVOS QUIMICOS,1,2000,1
455,Trizol invitrogen cat15596026 ,Gramo,REACTIVOS QUIMICOS,1,1000,1
456,Tween 20,Mililitro,REACTIVOS QUIMICOS,1,2000,1
457,Tween 80 ,Mililitro,REACTIVOS QUIMICOS,1,2000,1
458,Uracilo ,Gramo,REACTIVOS QUIMICOS,1,1000,1
459,Verde de janus ,Gramo,REACTIVOS QUIMICOS,1,750,1
460,Verde de malaquita ,Gramo,REACTIVOS QUIMICOS,1,750,1
461,Verde de metilo ,Gramo,REACTIVOS QUIMICOS,1,1000,1
462,Violeta de cresilo,Gramo,REACTIVOS QUIMICOS,1,1000,1
463,Violeta de genciana ,Gramo,REACTIVOS QUIMICOS,1,1000,1
464,Xilol,Mililitro,REACTIVOS QUIMICOS,1,3000,1
465,Xilosa ,Gramo,REACTIVOS QUIMICOS,1,1000,1
466,Yoduro de potasio ,Gramo,REACTIVOS QUIMICOS,1,1000,1
467,Sephadex G-10 ,Gramo,REACTIVOS QUIMICOS,1,100,1
468,Sephadex G-25,Gramo,REACTIVOS QUIMICOS,1,100,1
469,Sephadex G-50,Gramo,REACTIVOS QUIMICOS,1,100,1
470,Sephadex G-75,Gramo,REACTIVOS QUIMICOS,1,100,1
471,Sephadex G-100,Gramo,REACTIVOS QUIMICOS,1,100,1
472,Sephadex G-150,Gramo,REACTIVOS QUIMICOS,1,100,1
473,Sephadex G-200,Gramo,REACTIVOS QUIMICOS,1,100,1